Timestamp,Name,CPUPerc,MemUsage,MemPerc,NetIO,BlockIO,PIDs
2025-06-05T21:34:29,evaluator,394.08,244.3MiB,0.39,41.2MB,0B,5
2025-06-05T21:34:30,auditlog,0.53,249.4MiB,0.40,193MB,0B,5
2025-06-05T21:34:30,keyrotation,0.00,17.22MiB,0.03,4.76kB,0B,1
2025-06-05T21:34:30,message-store,391.81,243.3MiB,0.39,52.9MB,0B,5
2025-06-05T21:34:30,als_client_worker,53.74,28.26MiB,0.05,55MB,0B,34
2025-06-05T21:34:30,als_server_worker,55.80,28.75MiB,0.05,870kB,0B,34
2025-06-05T21:34:30,scheduler,0.39,17.79MiB,0.03,113kB,0B,1
2025-06-05T21:34:30,jodi-cache,13.58,17.7MiB,0.03,86.5MB,0B,6
2025-06-05T21:34:42,evaluator,378.11,255.2MiB,0.41,54MB,0B,5
2025-06-05T21:34:42,auditlog,0.72,251.3MiB,0.40,251MB,0B,5
2025-06-05T21:34:42,keyrotation,0.00,17.22MiB,0.03,5.46kB,0B,1
2025-06-05T21:34:42,message-store,382.62,255.8MiB,0.41,70.5MB,0B,5
2025-06-05T21:34:42,als_client_worker,12.15,19.39MiB,0.03,72.5MB,0B,2
2025-06-05T21:34:42,als_server_worker,204.33,19.4MiB,0.03,894kB,0B,2
2025-06-05T21:34:42,scheduler,0.38,17.79MiB,0.03,130kB,0B,1
2025-06-05T21:34:42,jodi-cache,13.10,17.8MiB,0.03,117MB,0B,6
2025-06-05T21:34:55,evaluator,397.70,264.8MiB,0.42,66.9MB,0B,5
2025-06-05T21:34:55,auditlog,23.50,251.1MiB,0.40,318MB,0B,5
2025-06-05T21:34:55,keyrotation,0.00,17.22MiB,0.03,5.81kB,0B,1
2025-06-05T21:34:55,message-store,397.40,267.2MiB,0.43,88.2MB,0B,5
2025-06-05T21:34:55,als_client_worker,30.91,19.42MiB,0.03,92.8MB,0B,2
2025-06-05T21:34:55,als_server_worker,0.00,19.39MiB,0.03,917kB,0B,2
2025-06-05T21:34:55,scheduler,0.00,17.79MiB,0.03,146kB,0B,1
2025-06-05T21:34:55,jodi-cache,12.92,17.74MiB,0.03,146MB,0B,6
2025-06-05T21:35:08,evaluator,383.03,274MiB,0.44,79.6MB,0B,5
2025-06-05T21:35:08,auditlog,0.56,252.3MiB,0.40,376MB,0B,5
2025-06-05T21:35:08,keyrotation,0.00,17.22MiB,0.03,6.16kB,0B,1
2025-06-05T21:35:08,message-store,389.86,278.1MiB,0.44,106MB,0B,5
2025-06-05T21:35:08,als_client_worker,181.38,48MiB,0.08,110MB,0B,34
2025-06-05T21:35:08,als_server_worker,171.06,50.25MiB,0.08,941kB,0B,34
2025-06-05T21:35:08,scheduler,0.38,17.79MiB,0.03,166kB,0B,1
2025-06-05T21:35:08,jodi-cache,12.85,17.77MiB,0.03,172MB,0B,6
2025-06-05T21:35:21,evaluator,391.85,283.6MiB,0.45,92.4MB,0B,5
2025-06-05T21:35:21,auditlog,18.76,253.2MiB,0.40,443MB,0B,5
2025-06-05T21:35:21,keyrotation,0.00,17.22MiB,0.03,6.58kB,0B,1
2025-06-05T21:35:21,message-store,393.70,289.2MiB,0.46,123MB,0B,5
2025-06-05T21:35:21,als_client_worker,74.94,29.01MiB,0.05,127MB,0B,34
2025-06-05T21:35:21,als_server_worker,120.05,19.45MiB,0.03,966kB,0B,2
2025-06-05T21:35:21,scheduler,0.00,17.79MiB,0.03,182kB,0B,1
2025-06-05T21:35:21,jodi-cache,12.87,17.61MiB,0.03,202MB,0B,6
2025-06-05T21:35:33,evaluator,396.32,293.1MiB,0.47,105MB,0B,5
2025-06-05T21:35:33,auditlog,27.17,249.9MiB,0.40,502MB,0B,5
2025-06-05T21:35:33,keyrotation,0.00,17.22MiB,0.03,7.28kB,0B,1
2025-06-05T21:35:33,message-store,396.18,300.5MiB,0.48,140MB,0B,5
2025-06-05T21:35:33,als_client_worker,9.27,19.4MiB,0.03,148MB,0B,2
2025-06-05T21:35:33,als_server_worker,0.00,19.38MiB,0.03,989kB,0B,2
2025-06-05T21:35:33,scheduler,0.00,17.79MiB,0.03,199kB,0B,1
2025-06-05T21:35:34,jodi-cache,13.40,17.88MiB,0.03,229MB,0B,6
2025-06-05T21:35:46,evaluator,387.78,303MiB,0.48,118MB,0B,5
2025-06-05T21:35:46,auditlog,0.57,253MiB,0.40,559MB,0B,5
2025-06-05T21:35:46,keyrotation,0.00,17.22MiB,0.03,7.63kB,0B,1
2025-06-05T21:35:46,message-store,389.53,310.8MiB,0.50,158MB,0B,5
2025-06-05T21:35:46,als_client_worker,36.72,19.4MiB,0.03,165MB,0B,2
2025-06-05T21:35:46,als_server_worker,200.95,19.39MiB,0.03,1.02MB,0B,2
2025-06-05T21:35:46,scheduler,0.35,17.79MiB,0.03,218kB,0B,1
2025-06-05T21:35:46,jodi-cache,13.00,17.57MiB,0.03,259MB,0B,6
2025-06-05T21:35:59,evaluator,397.42,312.8MiB,0.50,131MB,0B,5
2025-06-05T21:35:59,auditlog,20.11,252.3MiB,0.40,627MB,0B,5
2025-06-05T21:35:59,keyrotation,0.00,17.22MiB,0.03,7.97kB,0B,1
2025-06-05T21:35:59,message-store,396.42,320.9MiB,0.51,175MB,0B,5
2025-06-05T21:35:59,als_client_worker,57.32,19.39MiB,0.03,185MB,0B,2
2025-06-05T21:35:59,als_server_worker,17.54,19.39MiB,0.03,1.04MB,0B,2
2025-06-05T21:35:59,scheduler,0.00,17.79MiB,0.03,235kB,0B,1
2025-06-05T21:35:59,jodi-cache,12.67,17.38MiB,0.03,285MB,0B,6
2025-06-05T21:36:12,evaluator,391.84,321.7MiB,0.51,144MB,0B,5
2025-06-05T21:36:12,auditlog,0.57,251MiB,0.40,685MB,0B,5
2025-06-05T21:36:12,keyrotation,0.11,17.22MiB,0.03,8.67kB,0B,1
2025-06-05T21:36:12,message-store,392.99,332.5MiB,0.53,193MB,0B,5
2025-06-05T21:36:12,als_client_worker,139.14,31.13MiB,0.05,203MB,0B,34
2025-06-05T21:36:12,als_server_worker,125.57,30.29MiB,0.05,1.06MB,0B,34
2025-06-05T21:36:12,scheduler,0.52,17.79MiB,0.03,254kB,0B,1
2025-06-05T21:36:12,jodi-cache,12.88,19.58MiB,0.03,314MB,0B,6
2025-06-05T21:36:24,evaluator,398.14,331.6MiB,0.53,155MB,0B,5
2025-06-05T21:36:24,auditlog,1.83,254.5MiB,0.41,752MB,0B,5
2025-06-05T21:36:24,keyrotation,0.00,17.22MiB,0.03,9.02kB,0B,1
2025-06-05T21:36:25,message-store,381.64,343MiB,0.55,211MB,0B,5
2025-06-05T21:36:25,als_client_worker,236.94,81.69MiB,0.13,223MB,0B,34
2025-06-05T21:36:25,als_server_worker,199.24,19.39MiB,0.03,1.09MB,0B,2
2025-06-05T21:36:25,scheduler,0.44,17.79MiB,0.03,271kB,0B,1
2025-06-05T21:36:25,jodi-cache,13.70,19.57MiB,0.03,345MB,0B,6
2025-06-05T21:36:37,evaluator,398.05,341.1MiB,0.54,169MB,0B,5
2025-06-05T21:36:37,auditlog,21.11,254.3MiB,0.41,813MB,0B,5
2025-06-05T21:36:37,keyrotation,0.00,17.22MiB,0.03,9.37kB,0B,1
2025-06-05T21:36:37,message-store,397.30,354.1MiB,0.56,228MB,0B,5
2025-06-05T21:36:37,als_client_worker,218.91,67.72MiB,0.11,240MB,0B,34
2025-06-05T21:36:37,als_server_worker,0.00,19.39MiB,0.03,1.11MB,0B,2
2025-06-05T21:36:37,scheduler,0.00,17.79MiB,0.03,287kB,0B,1
2025-06-05T21:36:37,jodi-cache,13.18,21.87MiB,0.03,371MB,0B,6
2025-06-05T21:36:50,evaluator,391.39,350.5MiB,0.56,182MB,0B,5
2025-06-05T21:36:50,auditlog,0.59,247.4MiB,0.39,874MB,0B,5
2025-06-05T21:36:50,keyrotation,0.00,17.22MiB,0.03,9.72kB,0B,1
2025-06-05T21:36:50,message-store,395.73,362.6MiB,0.58,244MB,0B,5
2025-06-05T21:36:50,als_client_worker,175.16,53.23MiB,0.08,258MB,0B,34
2025-06-05T21:36:50,als_server_worker,187.61,54.37MiB,0.09,1.13MB,0B,34
2025-06-05T21:36:50,scheduler,0.49,17.8MiB,0.03,307kB,0B,1
2025-06-05T21:36:50,jodi-cache,12.91,16.71MiB,0.03,401MB,0B,6
2025-06-05T21:37:03,evaluator,396.84,361MiB,0.57,195MB,0B,5
2025-06-05T21:37:03,auditlog,25.80,246.8MiB,0.39,942MB,0B,5
2025-06-05T21:37:03,keyrotation,0.00,17.22MiB,0.03,10.4kB,0B,1
2025-06-05T21:37:03,message-store,395.81,373.9MiB,0.60,263MB,0B,5
2025-06-05T21:37:03,als_client_worker,81.09,19.41MiB,0.03,278MB,0B,2
2025-06-05T21:37:03,als_server_worker,51.67,19.39MiB,0.03,1.16MB,0B,2
2025-06-05T21:37:03,scheduler,0.00,17.8MiB,0.03,323kB,0B,1
2025-06-05T21:37:03,jodi-cache,12.85,19.74MiB,0.03,427MB,0B,6
2025-06-05T21:37:16,evaluator,397.44,370.9MiB,0.59,207MB,0B,5
2025-06-05T21:37:16,auditlog,16.76,253.6MiB,0.40,999MB,0B,5
2025-06-05T21:37:16,keyrotation,0.00,17.22MiB,0.03,10.8kB,0B,1
2025-06-05T21:37:16,message-store,396.89,385.3MiB,0.61,281MB,0B,5
2025-06-05T21:37:16,als_client_worker,2.86,19.39MiB,0.03,295MB,0B,2
2025-06-05T21:37:16,als_server_worker,0.00,19.38MiB,0.03,1.18MB,0B,2
2025-06-05T21:37:16,scheduler,0.00,17.8MiB,0.03,340kB,0B,1
2025-06-05T21:37:16,jodi-cache,14.08,17.86MiB,0.03,456MB,0B,6
2025-06-05T21:37:28,evaluator,378.92,380.6MiB,0.61,220MB,0B,5
2025-06-05T21:37:28,auditlog,0.57,255.5MiB,0.41,1.06GB,0B,5
2025-06-05T21:37:28,keyrotation,0.00,17.22MiB,0.03,11.2kB,0B,1
2025-06-05T21:37:28,message-store,385.37,395.6MiB,0.63,298MB,0B,5
2025-06-05T21:37:28,als_client_worker,219.94,68.18MiB,0.11,316MB,0B,34
2025-06-05T21:37:28,als_server_worker,204.70,19.39MiB,0.03,1.21MB,0B,2
2025-06-05T21:37:28,scheduler,0.40,17.8MiB,0.03,359kB,0B,1
2025-06-05T21:37:28,jodi-cache,12.78,17.64MiB,0.03,484MB,0B,6
2025-06-05T21:37:41,evaluator,397.04,389.9MiB,0.62,233MB,0B,5
2025-06-05T21:37:41,auditlog,29.97,249MiB,0.40,1.13GB,0B,5
2025-06-05T21:37:41,keyrotation,0.08,17.22MiB,0.03,11.9kB,0B,1
2025-06-05T21:37:41,message-store,396.68,406.8MiB,0.65,316MB,0B,5
2025-06-05T21:37:41,als_client_worker,65.28,19.41MiB,0.03,333MB,0B,2
2025-06-05T21:37:41,als_server_worker,9.53,19.39MiB,0.03,1.23MB,0B,2
2025-06-05T21:37:41,scheduler,0.00,17.8MiB,0.03,376kB,0B,1
2025-06-05T21:37:41,jodi-cache,12.71,17.54MiB,0.03,513MB,0B,6
2025-06-05T21:37:54,evaluator,382.49,400.6MiB,0.64,246MB,0B,5
2025-06-05T21:37:54,auditlog,0.58,250.3MiB,0.40,1.19GB,0B,5
2025-06-05T21:37:54,keyrotation,0.00,17.22MiB,0.03,12.2kB,0B,1
2025-06-05T21:37:54,message-store,382.16,417.5MiB,0.66,333MB,0B,5
2025-06-05T21:37:54,als_client_worker,178.61,40.2MiB,0.06,351MB,0B,34
2025-06-05T21:37:54,als_server_worker,171.99,36.48MiB,0.06,1.25MB,0B,34
2025-06-05T21:37:54,scheduler,0.36,17.8MiB,0.03,395kB,0B,1
2025-06-05T21:37:54,jodi-cache,12.80,21.64MiB,0.03,544MB,0B,6
2025-06-05T21:38:07,evaluator,391.93,409.5MiB,0.65,259MB,0B,5
2025-06-05T21:38:07,auditlog,0.57,253.2MiB,0.40,1.24GB,0B,5
2025-06-05T21:38:07,keyrotation,0.00,17.22MiB,0.03,12.6kB,0B,1
2025-06-05T21:38:07,message-store,383.90,428.4MiB,0.68,351MB,0B,5
2025-06-05T21:38:07,als_client_worker,223.26,27.03MiB,0.04,371MB,0B,4
2025-06-05T21:38:07,als_server_worker,209.09,19.39MiB,0.03,1.28MB,0B,2
2025-06-05T21:38:07,scheduler,0.39,17.8MiB,0.03,411kB,0B,1
2025-06-05T21:38:07,jodi-cache,13.32,17.58MiB,0.03,572MB,0B,6
2025-06-05T21:38:19,evaluator,397.09,418.8MiB,0.67,272MB,0B,5
2025-06-05T21:38:19,auditlog,21.06,252.9MiB,0.40,1.31GB,0B,5
2025-06-05T21:38:19,keyrotation,0.00,17.22MiB,0.03,13kB,0B,1
2025-06-05T21:38:20,message-store,374.57,437.1MiB,0.70,367MB,0B,5
2025-06-05T21:38:20,als_client_worker,19.87,19.4MiB,0.03,388MB,0B,2
2025-06-05T21:38:20,als_server_worker,0.00,19.39MiB,0.03,1.3MB,0B,2
2025-06-05T21:38:20,scheduler,0.00,17.8MiB,0.03,428kB,0B,1
2025-06-05T21:38:20,jodi-cache,13.87,17.69MiB,0.03,601MB,0B,6
2025-06-05T21:38:32,evaluator,389.83,428.5MiB,0.68,285MB,0B,5
2025-06-05T21:38:32,auditlog,0.56,251.9MiB,0.40,1.37GB,0B,5
2025-06-05T21:38:32,keyrotation,0.00,17.22MiB,0.03,13.7kB,0B,1
2025-06-05T21:38:32,message-store,387.98,447.9MiB,0.71,386MB,0B,5
2025-06-05T21:38:32,als_client_worker,190.15,64.88MiB,0.10,409MB,0B,34
2025-06-05T21:38:32,als_server_worker,176.35,19.49MiB,0.03,1.33MB,0B,2
2025-06-05T21:38:32,scheduler,0.39,17.8MiB,0.03,447kB,0B,1
2025-06-05T21:38:32,jodi-cache,12.69,17.82MiB,0.03,627MB,0B,6
2025-06-05T21:38:45,evaluator,396.15,438.4MiB,0.70,298MB,0B,5
2025-06-05T21:38:45,auditlog,19.75,255.5MiB,0.41,1.44GB,0B,5
2025-06-05T21:38:45,keyrotation,0.00,17.22MiB,0.03,14kB,0B,1
2025-06-05T21:38:45,message-store,396.25,459.3MiB,0.73,404MB,0B,5
2025-06-05T21:38:45,als_client_worker,60.63,19.39MiB,0.03,426MB,0B,2
2025-06-05T21:38:45,als_server_worker,36.74,19.38MiB,0.03,1.35MB,0B,2
2025-06-05T21:38:45,scheduler,0.00,17.8MiB,0.03,464kB,0B,1
2025-06-05T21:38:45,jodi-cache,12.77,17.85MiB,0.03,656MB,0B,6
2025-06-05T21:38:58,evaluator,397.28,448.6MiB,0.71,310MB,0B,5
2025-06-05T21:38:58,auditlog,3.90,252.6MiB,0.40,1.5GB,0B,5
2025-06-05T21:38:58,keyrotation,0.00,17.22MiB,0.03,14.4kB,0B,1
2025-06-05T21:38:58,message-store,396.20,469.9MiB,0.75,421MB,0B,5
2025-06-05T21:38:58,als_client_worker,4.44,25.22MiB,0.04,443MB,0B,6
2025-06-05T21:38:58,als_server_worker,0.90,22.56MiB,0.04,1.38MB,0B,3
2025-06-05T21:38:58,scheduler,0.37,17.8MiB,0.03,483kB,0B,1
2025-06-05T21:38:58,jodi-cache,13.90,17.61MiB,0.03,684MB,0B,6
2025-06-05T21:39:11,evaluator,388.92,457.7MiB,0.73,323MB,0B,5
2025-06-05T21:39:11,auditlog,0.56,252.4MiB,0.40,1.56GB,0B,5
2025-06-05T21:39:11,keyrotation,0.00,17.22MiB,0.03,14.7kB,0B,1
2025-06-05T21:39:11,message-store,388.43,481.2MiB,0.77,439MB,0B,5
2025-06-05T21:39:11,als_client_worker,226.28,73.98MiB,0.12,464MB,0B,34
2025-06-05T21:39:11,als_server_worker,193.54,19.39MiB,0.03,1.4MB,0B,2
2025-06-05T21:39:11,scheduler,0.53,17.8MiB,0.03,500kB,0B,1
2025-06-05T21:39:11,jodi-cache,12.44,19.76MiB,0.03,712MB,0B,6
2025-06-05T21:39:23,evaluator,397.04,467.4MiB,0.74,336MB,0B,5
2025-06-05T21:39:23,auditlog,23.94,247.3MiB,0.39,1.63GB,0B,5
2025-06-05T21:39:23,keyrotation,0.00,17.22MiB,0.03,15.4kB,0B,1
2025-06-05T21:39:23,message-store,387.39,489.9MiB,0.78,455MB,0B,5
2025-06-05T21:39:23,als_client_worker,39.78,19.4MiB,0.03,481MB,0B,2
2025-06-05T21:39:23,als_server_worker,0.00,19.39MiB,0.03,1.42MB,0B,2
2025-06-05T21:39:23,scheduler,0.00,17.8MiB,0.03,516kB,0B,1
2025-06-05T21:39:23,jodi-cache,12.37,25.11MiB,0.04,743MB,0B,6
2025-06-05T21:39:36,evaluator,382.17,476.9MiB,0.76,348MB,0B,5
2025-06-05T21:39:36,auditlog,0.56,255.3MiB,0.41,1.69GB,0B,5
2025-06-05T21:39:36,keyrotation,0.00,17.22MiB,0.03,15.8kB,0B,1
2025-06-05T21:39:36,message-store,397.97,501.5MiB,0.80,473MB,0B,5
2025-06-05T21:39:36,als_client_worker,189.96,49.43MiB,0.08,498MB,0B,34
2025-06-05T21:39:36,als_server_worker,179.03,49.13MiB,0.08,1.45MB,0B,34
2025-06-05T21:39:36,scheduler,0.36,17.8MiB,0.03,536kB,0B,1
2025-06-05T21:39:36,jodi-cache,12.43,18.11MiB,0.03,772MB,0B,6
2025-06-05T21:39:49,evaluator,391.38,486MiB,0.77,361MB,0B,5
2025-06-05T21:39:49,auditlog,17.46,270.9MiB,0.43,1.76GB,0B,5
2025-06-05T21:39:49,keyrotation,0.00,17.22MiB,0.03,16.1kB,0B,1
2025-06-05T21:39:49,message-store,389.22,513.1MiB,0.82,492MB,0B,5
2025-06-05T21:39:49,als_client_worker,43.81,28.51MiB,0.05,515MB,0B,34
2025-06-05T21:39:49,als_server_worker,147.69,19.39MiB,0.03,1.47MB,0B,2
2025-06-05T21:39:49,scheduler,0.00,17.8MiB,0.03,552kB,0B,1
2025-06-05T21:39:49,jodi-cache,13.78,18.83MiB,0.03,801MB,0B,6
2025-06-05T21:40:02,evaluator,398.16,495.4MiB,0.79,374MB,0B,5
2025-06-05T21:40:02,auditlog,19.38,253.3MiB,0.40,1.82GB,0B,5
2025-06-05T21:40:02,keyrotation,0.09,17.22MiB,0.03,16.8kB,0B,1
2025-06-05T21:40:02,message-store,388.18,522.8MiB,0.83,508MB,0B,5
2025-06-05T21:40:02,als_client_worker,10.41,19.4MiB,0.03,536MB,0B,2
2025-06-05T21:40:02,als_server_worker,0.00,19.38MiB,0.03,1.5MB,0B,2
2025-06-05T21:40:02,scheduler,0.00,17.8MiB,0.03,569kB,0B,1
2025-06-05T21:40:02,jodi-cache,13.02,18.05MiB,0.03,829MB,0B,6
2025-06-05T21:40:14,evaluator,384.60,505.4MiB,0.81,387MB,0B,5
2025-06-05T21:40:14,auditlog,0.56,249.7MiB,0.40,1.88GB,0B,5
2025-06-05T21:40:14,keyrotation,0.00,17.22MiB,0.03,17.2kB,0B,1
2025-06-05T21:40:14,message-store,397.65,533.6MiB,0.85,525MB,0B,5
2025-06-05T21:40:14,als_client_worker,206.21,67.32MiB,0.11,556MB,0B,34
2025-06-05T21:40:15,als_server_worker,199.36,19.43MiB,0.03,1.52MB,0B,2
2025-06-05T21:40:15,scheduler,0.38,17.8MiB,0.03,588kB,0B,1
2025-06-05T21:40:15,jodi-cache,13.36,18.91MiB,0.03,858MB,0B,6
2025-06-05T21:40:27,evaluator,397.59,515.4MiB,0.82,400MB,0B,5
2025-06-05T21:40:27,auditlog,23.37,250.1MiB,0.40,1.96GB,0B,5
2025-06-05T21:40:27,keyrotation,0.00,17.22MiB,0.03,17.5kB,0B,1
2025-06-05T21:40:27,message-store,383.48,543.7MiB,0.87,543MB,0B,5
2025-06-05T21:40:27,als_client_worker,53.66,19.42MiB,0.03,574MB,0B,2
2025-06-05T21:40:27,als_server_worker,20.05,19.39MiB,0.03,1.54MB,0B,2
2025-06-05T21:40:27,scheduler,0.00,17.8MiB,0.03,605kB,0B,1
2025-06-05T21:40:27,jodi-cache,13.27,18.65MiB,0.03,886MB,0B,6
2025-06-05T21:40:40,evaluator,386.20,524MiB,0.83,412MB,0B,5
2025-06-05T21:40:40,auditlog,0.54,256.7MiB,0.41,2.02GB,0B,5
2025-06-05T21:40:40,keyrotation,0.00,17.22MiB,0.03,17.9kB,0B,1
2025-06-05T21:40:40,message-store,391.75,555.1MiB,0.88,562MB,0B,5
2025-06-05T21:40:40,als_client_worker,110.72,30.55MiB,0.05,591MB,0B,34
2025-06-05T21:40:40,als_server_worker,111.37,28.96MiB,0.05,1.57MB,0B,34
2025-06-05T21:40:40,scheduler,0.35,17.8MiB,0.03,624kB,0B,1
2025-06-05T21:40:40,jodi-cache,13.49,20.32MiB,0.03,913MB,0B,6
2025-06-05T21:40:53,evaluator,389.29,534MiB,0.85,425MB,0B,5
2025-06-05T21:40:53,auditlog,0.57,247.9MiB,0.39,2.08GB,0B,5
2025-06-05T21:40:53,keyrotation,0.00,17.22MiB,0.03,18.6kB,0B,1
2025-06-05T21:40:53,message-store,397.47,564.8MiB,0.90,579MB,0B,5
2025-06-05T21:40:53,als_client_worker,227.61,74.03MiB,0.12,612MB,0B,34
2025-06-05T21:40:53,als_server_worker,206.69,19.39MiB,0.03,1.59MB,0B,2
2025-06-05T21:40:53,scheduler,0.38,17.8MiB,0.03,640kB,0B,1
2025-06-05T21:40:53,jodi-cache,13.24,18.63MiB,0.03,944MB,0B,6
2025-06-05T21:41:06,evaluator,398.41,544.4MiB,0.87,438MB,0B,5
2025-06-05T21:41:06,auditlog,21.32,253.2MiB,0.40,2.14GB,0B,5
2025-06-05T21:41:06,keyrotation,0.00,17.22MiB,0.03,18.9kB,0B,1
2025-06-05T21:41:06,message-store,397.56,576.3MiB,0.92,598MB,0B,5
2025-06-05T21:41:06,als_client_worker,30.27,19.4MiB,0.03,629MB,0B,2
2025-06-05T21:41:06,als_server_worker,0.00,19.39MiB,0.03,1.62MB,0B,2
2025-06-05T21:41:06,scheduler,0.00,17.8MiB,0.03,657kB,0B,1
2025-06-05T21:41:06,jodi-cache,12.90,18.63MiB,0.03,972MB,0B,6
2025-06-05T21:41:18,evaluator,387.20,553.4MiB,0.88,451MB,0B,5
2025-06-05T21:41:18,auditlog,0.62,252.4MiB,0.40,2.2GB,0B,5
2025-06-05T21:41:18,keyrotation,0.00,17.22MiB,0.03,19.3kB,0B,1
2025-06-05T21:41:18,message-store,380.97,586.9MiB,0.93,615MB,0B,5
2025-06-05T21:41:18,als_client_worker,189.96,53.66MiB,0.09,647MB,0B,34
2025-06-05T21:41:18,als_server_worker,188.18,53MiB,0.08,1.64MB,0B,34
2025-06-05T21:41:18,scheduler,0.41,17.8MiB,0.03,676kB,0B,1
2025-06-05T21:41:18,jodi-cache,13.51,18.41MiB,0.03,998MB,0B,6
2025-06-05T21:41:31,evaluator,393.36,563.1MiB,0.90,464MB,0B,5
2025-06-05T21:41:31,auditlog,19.38,254.1MiB,0.40,2.27GB,0B,5
2025-06-05T21:41:31,keyrotation,0.00,17.22MiB,0.03,19.7kB,0B,1
2025-06-05T21:41:31,message-store,393.97,597.7MiB,0.95,633MB,0B,5
2025-06-05T21:41:31,als_client_worker,115.59,19.41MiB,0.03,667MB,0B,2
2025-06-05T21:41:31,als_server_worker,62.74,19.39MiB,0.03,1.67MB,0B,2
2025-06-05T21:41:31,scheduler,0.00,17.8MiB,0.03,693kB,0B,1
2025-06-05T21:41:31,jodi-cache,12.81,22.61MiB,0.04,1.03GB,0B,6
2025-06-05T21:41:44,evaluator,396.99,573.2MiB,0.91,477MB,0B,5
2025-06-05T21:41:44,auditlog,8.67,247.1MiB,0.39,2.33GB,0B,5
2025-06-05T21:41:44,keyrotation,0.00,17.22MiB,0.03,20.4kB,0B,1
2025-06-05T21:41:44,message-store,384.91,607.6MiB,0.97,649MB,0B,5
2025-06-05T21:41:44,als_client_worker,2.37,19.39MiB,0.03,684MB,0B,2
2025-06-05T21:41:44,als_server_worker,0.00,19.39MiB,0.03,1.69MB,0B,2
2025-06-05T21:41:44,scheduler,0.00,17.8MiB,0.03,709kB,0B,1
2025-06-05T21:41:44,jodi-cache,12.95,22.9MiB,0.04,1.06GB,0B,6
2025-06-05T21:41:57,evaluator,377.67,583MiB,0.93,490MB,0B,5
2025-06-05T21:41:57,auditlog,0.56,254MiB,0.40,2.39GB,0B,5
2025-06-05T21:41:57,keyrotation,0.00,17.22MiB,0.03,20.7kB,0B,1
2025-06-05T21:41:57,message-store,381.98,619.4MiB,0.99,668MB,0B,5
2025-06-05T21:41:57,als_client_worker,218.35,67.51MiB,0.11,705MB,0B,34
2025-06-05T21:41:57,als_server_worker,208.04,19.39MiB,0.03,1.72MB,0B,2
2025-06-05T21:41:57,scheduler,0.43,17.81MiB,0.03,729kB,0B,1
2025-06-05T21:41:57,jodi-cache,12.76,22.62MiB,0.04,1.08GB,0B,6
2025-06-05T21:42:09,evaluator,396.36,592.8MiB,0.94,502MB,0B,5
2025-06-05T21:42:09,auditlog,18.62,256.4MiB,0.41,2.46GB,0B,5
2025-06-05T21:42:09,keyrotation,0.00,17.22MiB,0.03,21.1kB,0B,1
2025-06-05T21:42:09,message-store,396.08,630MiB,1.00,686MB,0B,5
2025-06-05T21:42:09,als_client_worker,49.06,19.4MiB,0.03,722MB,0B,2
2025-06-05T21:42:09,als_server_worker,14.93,19.44MiB,0.03,1.74MB,0B,2
2025-06-05T21:42:10,scheduler,0.00,17.81MiB,0.03,745kB,0B,1
2025-06-05T21:42:10,jodi-cache,13.92,17.76MiB,0.03,1.11GB,0B,6
2025-06-05T21:42:22,evaluator,378.57,602.6MiB,0.96,515MB,0B,5
2025-06-05T21:42:22,auditlog,0.59,253.3MiB,0.40,2.52GB,0B,5
2025-06-05T21:42:22,keyrotation,0.08,17.22MiB,0.03,21.8kB,0B,1
2025-06-05T21:42:22,message-store,379.20,639.8MiB,1.02,704MB,0B,5
2025-06-05T21:42:22,als_client_worker,177.49,34.96MiB,0.06,740MB,0B,34
2025-06-05T21:42:22,als_server_worker,156.30,32.89MiB,0.05,1.76MB,0B,34
2025-06-05T21:42:22,scheduler,0.36,17.81MiB,0.03,765kB,0B,1
2025-06-05T21:42:22,jodi-cache,13.09,22.48MiB,0.04,1.14GB,0B,6
2025-06-05T21:42:35,evaluator,396.80,610.8MiB,0.97,527MB,0B,5
2025-06-05T21:42:35,auditlog,12.96,255.4MiB,0.41,2.59GB,0B,5
2025-06-05T21:42:35,keyrotation,0.00,17.22MiB,0.03,22.1kB,0B,1
2025-06-05T21:42:35,message-store,390.39,651.1MiB,1.04,721MB,0B,5
2025-06-05T21:42:35,als_client_worker,234.35,81.26MiB,0.13,760MB,0B,34
2025-06-05T21:42:35,als_server_worker,191.41,19.39MiB,0.03,1.79MB,0B,2
2025-06-05T21:42:35,scheduler,0.47,17.81MiB,0.03,781kB,0B,1
2025-06-05T21:42:35,jodi-cache,13.17,18.48MiB,0.03,1.17GB,0B,6
2025-06-05T21:42:48,evaluator,397.50,621.5MiB,0.99,541MB,0B,5
2025-06-05T21:42:48,auditlog,25.86,253.9MiB,0.40,2.65GB,0B,5
2025-06-05T21:42:48,keyrotation,0.00,17.22MiB,0.03,22.5kB,0B,1
2025-06-05T21:42:48,message-store,397.68,662.3MiB,1.05,739MB,0B,5
2025-06-05T21:42:48,als_client_worker,27.75,19.43MiB,0.03,778MB,0B,2
2025-06-05T21:42:48,als_server_worker,0.00,19.39MiB,0.03,1.81MB,0B,2
2025-06-05T21:42:48,scheduler,0.00,17.81MiB,0.03,798kB,0B,1
2025-06-05T21:42:48,jodi-cache,13.51,18.79MiB,0.03,1.2GB,0B,6
2025-06-05T21:43:00,evaluator,390.26,631.9MiB,1.01,554MB,0B,5
2025-06-05T21:43:00,auditlog,0.56,253.6MiB,0.40,2.71GB,0B,5
2025-06-05T21:43:01,keyrotation,0.00,17.22MiB,0.03,22.8kB,0B,1
2025-06-05T21:43:01,message-store,385.73,672.2MiB,1.07,756MB,0B,5
2025-06-05T21:43:01,als_client_worker,196.98,55.64MiB,0.09,795MB,0B,34
2025-06-05T21:43:01,als_server_worker,179.55,56.04MiB,0.09,1.83MB,0B,34
2025-06-05T21:43:01,scheduler,0.35,17.81MiB,0.03,817kB,0B,1
2025-06-05T21:43:01,jodi-cache,13.65,18.6MiB,0.03,1.23GB,0B,6
2025-06-05T21:43:13,evaluator,397.63,640.7MiB,1.02,567MB,0B,5
2025-06-05T21:43:13,auditlog,17.78,254.8MiB,0.41,2.78GB,0B,5
2025-06-05T21:43:13,keyrotation,0.00,17.22MiB,0.03,23.5kB,0B,1
2025-06-05T21:43:13,message-store,381.17,682.8MiB,1.09,773MB,0B,5
2025-06-05T21:43:13,als_client_worker,68.08,19.41MiB,0.03,815MB,0B,2
2025-06-05T21:43:13,als_server_worker,36.40,19.44MiB,0.03,1.86MB,0B,2
2025-06-05T21:43:13,scheduler,0.00,17.81MiB,0.03,834kB,0B,1
2025-06-05T21:43:13,jodi-cache,13.03,18.57MiB,0.03,1.26GB,0B,6
2025-06-05T21:43:26,evaluator,397.27,650.9MiB,1.04,580MB,0B,5
2025-06-05T21:43:26,auditlog,1.77,255MiB,0.41,2.84GB,0B,5
2025-06-05T21:43:26,keyrotation,0.00,17.22MiB,0.03,23.9kB,0B,1
2025-06-05T21:43:26,message-store,396.87,693.2MiB,1.10,792MB,0B,5
2025-06-05T21:43:26,als_client_worker,2.32,19.4MiB,0.03,833MB,0B,2
2025-06-05T21:43:26,als_server_worker,186.90,19.44MiB,0.03,1.88MB,0B,2
2025-06-05T21:43:26,scheduler,0.00,17.81MiB,0.03,850kB,0B,1
2025-06-05T21:43:26,jodi-cache,12.61,18.59MiB,0.03,1.29GB,0B,6
2025-06-05T21:43:39,evaluator,390.89,660.9MiB,1.05,593MB,0B,5
2025-06-05T21:43:39,auditlog,0.53,248.9MiB,0.40,2.91GB,0B,5
2025-06-05T21:43:39,keyrotation,0.00,17.22MiB,0.03,24.2kB,0B,1
2025-06-05T21:43:39,message-store,389.80,705MiB,1.12,810MB,0B,5
2025-06-05T21:43:39,als_client_worker,232.54,68.43MiB,0.11,854MB,0B,34
2025-06-05T21:43:39,als_server_worker,177.80,19.44MiB,0.03,1.91MB,0B,2
2025-06-05T21:43:39,scheduler,0.36,17.81MiB,0.03,870kB,0B,1
2025-06-05T21:43:39,jodi-cache,13.98,18.8MiB,0.03,1.31GB,0B,6
2025-06-05T21:43:52,evaluator,10.70,667MiB,1.06,603MB,0B,5
2025-06-05T21:43:52,auditlog,13.34,247.7MiB,0.39,2.97GB,0B,5
2025-06-05T21:43:52,keyrotation,0.08,17.22MiB,0.03,25kB,0B,1
2025-06-05T21:43:52,message-store,393.97,713.3MiB,1.14,827MB,0B,5
2025-06-05T21:43:52,als_client_worker,34.04,19.42MiB,0.03,870MB,0B,2
2025-06-05T21:43:52,als_server_worker,8.33,19.39MiB,0.03,1.93MB,0B,2
2025-06-05T21:43:52,scheduler,0.00,17.81MiB,0.03,886kB,0B,1
2025-06-05T21:43:52,jodi-cache,8.89,17.56MiB,0.03,1.34GB,0B,6
2025-06-05T21:44:04,evaluator,0.47,665.5MiB,1.06,603MB,0B,5
2025-06-05T21:44:04,auditlog,0.60,249.4MiB,0.40,2.98GB,0B,5
2025-06-05T21:44:04,keyrotation,0.00,17.22MiB,0.03,25.4kB,0B,1
2025-06-05T21:44:04,message-store,0.44,711.8MiB,1.13,827MB,0B,5
2025-06-05T21:44:04,als_client_worker,206.75,42.29MiB,0.07,871MB,0B,34
2025-06-05T21:44:04,als_server_worker,214.41,41.12MiB,0.07,2.98MB,0B,34
2025-06-05T21:44:04,scheduler,0.35,17.81MiB,0.03,906kB,0B,1
2025-06-05T21:44:04,jodi-cache,2.87,14.92MiB,0.02,1.34GB,0B,6
2025-06-05T21:44:17,evaluator,0.57,665.5MiB,1.06,603MB,0B,5
2025-06-05T21:44:17,auditlog,0.57,249.4MiB,0.40,2.98GB,0B,5
2025-06-05T21:44:17,keyrotation,0.00,17.22MiB,0.03,25.7kB,0B,1
2025-06-05T21:44:17,message-store,0.54,711.8MiB,1.13,827MB,0B,5
2025-06-05T21:44:17,als_client_worker,246.40,19.4MiB,0.03,871MB,0B,2
2025-06-05T21:44:17,als_server_worker,229.82,19.39MiB,0.03,3.01MB,0B,2
2025-06-05T21:44:17,scheduler,0.38,17.81MiB,0.03,922kB,0B,1
2025-06-05T21:44:17,jodi-cache,3.63,6.543MiB,0.01,1.34GB,0B,6
