protocol,latency,hops,oob_interaction,correct
cpex,781.653,2,2,1
cpex,529.182,5,2,1
cpex,689.701,3,2,1
cpex,538.959,2,2,1
cpex,624.993,3,2,1
cpex,642.532,3,2,1
cpex,674.436,3,2,1
cpex,587.971,4,2,1
cpex,771.651,3,2,1
cpex,789.786,2,2,1
cpex,597.473,2,2,1
cpex,631.277,4,2,1
cpex,720.374,4,2,1
cpex,502.575,2,2,1
cpex,737.149,4,2,1
cpex,506.65,3,2,1
cpex,792.038,3,2,1
cpex,819.424,3,2,1
cpex,795.366,2,2,1
cpex,651.605,4,2,1
cpex,688.771,4,2,1
cpex,837.637,3,2,1
cpex,459.572,3,2,1
cpex,668.057,2,2,1
cpex,747.274,3,2,1
cpex,676.426,4,2,1
cpex,565.455,4,2,1
cpex,603.039,3,2,1
cpex,707.165,2,2,1
cpex,693.462,3,2,1
cpex,517.107,3,2,1
cpex,678.843,3,2,1
cpex,709.841,4,2,1
cpex,579.13,2,2,1
cpex,683.469,2,2,1
cpex,685.383,4,2,1
cpex,753.36,3,2,1
cpex,808.658,3,2,1
cpex,668.73,4,2,1
cpex,659.992,3,2,1
cpex,763.699,3,2,1
cpex,738.673,4,2,1
cpex,756.383,4,2,1
cpex,624.285,4,2,1
cpex,645.449,4,2,1
cpex,1207.976,5,4,1
cpex,674.182,4,2,1
cpex,528.899,3,2,1
cpex,573.973,3,2,1
cpex,675.703,3,2,1
cpex,653.322,3,2,1
cpex,521.163,5,2,1
cpex,702.746,3,2,1
cpex,604.573,3,2,1
cpex,499.101,3,2,1
cpex,718.913,4,2,1
cpex,1403.014,4,4,1
cpex,1222.343,4,4,1
cpex,714.283,3,2,1
cpex,611.573,4,2,1
cpex,831.495,5,2,1
cpex,787.179,5,2,1
cpex,377.07,5,2,1
cpex,506.255,4,2,1
cpex,1168.27,4,4,1
cpex,728.654,3,2,1
cpex,778.033,5,2,1
cpex,603.914,3,2,1
cpex,719.268,3,2,1
cpex,784.779,4,2,1
cpex,598.359,4,2,1
cpex,1573.358,5,4,1
cpex,737.645,5,2,1
cpex,794.986,4,2,1
cpex,661.705,4,2,1
cpex,644.075,4,2,1
cpex,792.67,3,2,1
cpex,676.185,4,2,1
cpex,1154.394,4,4,1
cpex,880.538,3,2,1
cpex,693.341,4,2,1
cpex,694.428,4,2,1
cpex,741.837,2,2,1
cpex,746.851,3,2,1
cpex,876.805,4,2,1
cpex,681.647,3,2,1
cpex,610.124,3,2,1
cpex,753.642,3,2,1
cpex,891.707,4,2,1
cpex,499.436,3,2,1
cpex,625.087,3,2,1
cpex,763.744,4,2,1
cpex,832.96,4,2,1
cpex,590.69,3,2,1
cpex,612.126,5,2,1
cpex,646.289,4,2,1
cpex,666.796,4,2,1
cpex,661.571,3,2,1
cpex,637.996,3,2,1
cpex,716.466,5,2,1
cpex,732.547,3,2,1
cpex,635.223,4,2,1
cpex,639.614,3,2,1
cpex,592.769,4,2,1
cpex,694.822,2,2,1
cpex,789.49,5,2,1
cpex,610.543,5,2,1
cpex,787.81,4,2,1
cpex,713.518,5,2,1
cpex,797.185,5,2,1
cpex,630.406,5,2,1
cpex,648.307,3,2,1
cpex,631.886,2,2,1
cpex,586.78,5,2,1
cpex,773.64,4,2,1
cpex,617.905,4,2,1
cpex,732.684,6,2,1
cpex,644.75,4,2,1
cpex,661.724,3,2,1
cpex,755.395,4,2,1
cpex,878.065,5,2,1
cpex,653.995,5,2,1
cpex,617.563,5,2,1
cpex,759.126,4,2,1
cpex,688.782,6,2,1
cpex,493.262,5,2,1
cpex,631.093,5,2,1
cpex,634.138,4,2,1
cpex,725.22,4,2,1
cpex,526.946,4,2,1
cpex,702.866,6,2,1
cpex,647.34,5,2,1
cpex,768.203,4,2,1
cpex,673.26,3,2,1
cpex,807.85,3,2,1
cpex,647.625,4,2,1
cpex,763.309,3,2,1
cpex,537.209,4,2,1
cpex,756.297,4,2,1
cpex,788.353,5,2,1
cpex,968.682,4,2,1
cpex,854.473,3,2,1
cpex,525.081,3,2,1
cpex,629.688,4,2,1
cpex,846.265,5,2,1
cpex,678.938,3,2,1
cpex,655.006,4,2,1
cpex,509.341,4,2,1
cpex,874.391,3,2,1
cpex,665.979,3,2,1
cpex,648.109,3,2,1
cpex,779.781,5,2,1
cpex,667.401,4,2,1
cpex,663.297,3,2,1
cpex,504.157,3,2,1
cpex,623.583,4,2,1
cpex,538.906,4,2,1
cpex,649.178,5,2,1
cpex,480.558,4,2,1
cpex,666.509,3,2,1
cpex,573.132,4,2,1
cpex,714.935,4,2,1
cpex,799.157,4,2,1
cpex,699.172,5,2,1
cpex,786.393,4,2,1
cpex,531.029,3,2,1
cpex,486.496,3,2,1
cpex,1167.448,6,4,1
cpex,574.843,5,2,1
cpex,638.462,4,2,1
cpex,485.638,6,2,1
cpex,746.611,2,2,1
cpex,848.578,4,2,1
cpex,772.099,6,2,1
cpex,1349.069,5,4,1
cpex,538.175,2,2,1
cpex,687.632,6,2,1
cpex,692.092,4,2,1
cpex,658.318,4,2,1
cpex,594.706,5,2,1
cpex,747.745,5,2,1
cpex,569.254,6,2,1
cpex,641.417,4,2,1
cpex,742.981,6,2,1
cpex,832.104,6,2,1
cpex,771.375,5,2,1
cpex,768.24,4,2,1
cpex,604.704,4,2,1
cpex,810.639,4,2,1
cpex,683.806,5,2,1
cpex,491.717,7,2,1
cpex,587.808,5,2,1
cpex,672.849,6,2,1
cpex,508.102,3,2,1
cpex,680.792,4,2,1
cpex,769.472,2,2,1
cpex,598.529,3,2,1
cpex,684.386,4,2,1
cpex,688.258,4,2,1
cpex,608.951,3,2,1
cpex,920.73,5,2,1
cpex,792.298,5,2,1
cpex,756.469,5,2,1
cpex,1540.422,6,4,1
cpex,837.574,5,2,1
cpex,620.456,4,2,1
cpex,501.785,3,2,1
cpex,704.212,5,2,1
cpex,1550.9,6,4,1
cpex,652.809,5,2,1
cpex,583.41,4,2,1
cpex,1304.81,6,4,1
cpex,544.885,2,2,1
cpex,1073.483,5,4,1
cpex,646.597,3,2,1
cpex,608.719,4,2,1
cpex,765.824,5,2,1
cpex,739.094,6,2,1
cpex,617.306,6,2,1
cpex,604.999,6,2,1
cpex,726.956,3,2,1
cpex,1273.906,5,4,1
cpex,677.91,4,2,1
cpex,556.748,6,2,1
cpex,850.888,5,2,1
cpex,465.758,4,2,1
cpex,659.929,3,2,1
cpex,785.187,5,2,1
cpex,1423.466,6,4,1
cpex,793.077,2,2,1
cpex,670.229,5,2,1
cpex,739.094,5,2,1
cpex,710.149,5,2,1
cpex,692.177,4,2,1
cpex,815.528,5,2,1
cpex,757.514,3,2,1
cpex,882.983,3,2,1
cpex,707.339,4,2,1
cpex,675.779,4,2,1
cpex,495.739,4,2,1
cpex,695.613,4,2,1
cpex,805.536,3,2,1
cpex,489.564,4,2,1
cpex,788.881,3,2,1
cpex,904.035,3,2,1
cpex,660.941,5,2,1
cpex,503.264,3,2,1
cpex,690.991,2,2,1
cpex,818.254,3,2,1
cpex,758.813,4,2,1
cpex,491.735,4,2,1
cpex,610.371,4,2,1
cpex,864.045,3,2,1
cpex,611.614,5,2,1
cpex,658.732,4,2,1
cpex,555.967,4,2,1
cpex,528.702,3,2,1
cpex,461.591,3,2,1
cpex,746.616,3,2,1
cpex,636.531,5,2,1
cpex,740.497,4,2,1
cpex,659.704,3,2,1
cpex,792.723,4,2,1
cpex,745.951,2,2,1
cpex,504.701,3,2,1
cpex,637.02,3,2,1
cpex,556.369,2,2,1
cpex,737.746,4,2,1
cpex,620.467,4,2,1
cpex,674.351,4,2,1
cpex,1297.438,5,4,1
cpex,765.823,4,2,1
cpex,755.767,3,2,1
cpex,583.844,2,2,1
cpex,579.597,4,2,1
cpex,1014.255,5,4,1
cpex,746.52,3,2,1
cpex,675.175,4,2,1
cpex,762.741,3,2,1
cpex,1356.919,5,4,1
cpex,661.696,2,2,1
cpex,1185.738,4,4,1
cpex,640.483,2,2,1
cpex,642.824,3,2,1
cpex,728.706,4,2,1
cpex,736.167,5,2,1
cpex,616.155,5,2,1
cpex,726.018,5,2,1
cpex,478.781,2,2,1
cpex,1207.225,4,4,1
cpex,737.569,3,2,1
cpex,621.471,5,2,1
cpex,758.18,4,2,1
cpex,698.41,3,2,1
cpex,630.51,2,2,1
cpex,664.94,4,2,1
cpex,1241.786,5,4,1
cpex,785.815,3,2,1
cpex,709.437,4,2,1
cpex,764.322,4,2,1
cpex,615.598,4,2,1
cpex,432.487,3,2,1
cpex,635.788,4,2,1
cpex,509.184,3,2,1
cpex,770.566,4,2,1
cpex,548.553,4,2,1
cpex,530.75,3,2,1
cpex,602.759,5,2,1
cpex,639.282,5,2,1
cpex,774.133,3,2,1
cpex,921.638,6,4,1
cpex,625.118,5,2,1
cpex,650.806,2,2,1
cpex,460.069,3,2,1
cpex,748.609,5,2,1
cpex,678.85,4,2,1
cpex,721.701,4,2,1
cpex,552.907,5,2,1
cpex,780.379,4,2,1
cpex,472.152,4,2,1
cpex,672.675,3,2,1
cpex,1283.482,5,4,1
cpex,652.623,3,2,1
cpex,471.444,4,2,1
cpex,608.586,5,2,1
cpex,670.917,6,2,1
cpex,497.881,6,2,1
cpex,651.783,6,2,1
cpex,517.003,3,2,1
cpex,1286.274,5,4,1
cpex,758.313,4,2,1
cpex,469.099,6,2,1
cpex,803.139,5,2,1
cpex,652.344,4,2,1
cpex,574.576,3,2,1
cpex,610.562,4,2,1
cpex,1290.862,6,4,1
cpex,613.499,4,2,1
cpex,656.805,5,2,1
cpex,674.471,5,2,1
cpex,755.672,5,2,1
cpex,685.642,4,2,1
cpex,736.377,5,2,1
cpex,639.268,3,2,1
cpex,604.015,4,2,1
cpex,808.52,4,2,1
cpex,775.298,2,2,1
cpex,520.902,5,2,1
cpex,786.226,4,2,1
cpex,568.081,3,2,1
cpex,652.085,3,2,1
cpex,656.858,5,2,1
cpex,729.6,3,2,1
cpex,844.278,4,2,1
cpex,622.404,3,2,1
cpex,649.947,4,2,1
cpex,533.331,2,2,1
cpex,691.028,4,2,1
cpex,636.058,3,2,1
cpex,658.845,5,2,1
cpex,709.331,4,2,1
cpex,616.372,4,2,1
cpex,750.608,3,2,1
cpex,666.143,3,2,1
cpex,495.26,3,2,1
cpex,777.318,5,2,1
cpex,719.849,4,2,1
cpex,641.577,3,2,1
cpex,669.311,4,2,1
cpex,758.627,5,2,1
cpex,665.855,4,2,1
cpex,652.032,3,2,1
cpex,750.215,3,2,1
cpex,516.869,3,2,1
cpex,612.472,4,2,1
cpex,829.779,4,2,1
cpex,625.012,5,2,1
cpex,687.443,3,2,1
cpex,622.383,4,2,1
cpex,791.859,4,2,1
cpex,608.709,2,2,1
cpex,746.901,2,2,1
cpex,748.608,3,2,1
cpex,678.607,6,2,1
cpex,497.996,4,2,1
cpex,684.981,2,2,1
cpex,625.745,4,2,1
cpex,585.98,4,2,1
cpex,770.68,5,2,1
cpex,637.756,3,2,1
cpex,754.443,5,2,1
cpex,668.436,5,2,1
cpex,547.209,3,2,1
cpex,643.268,5,2,1
cpex,595.954,5,2,1
cpex,655.689,6,2,1
cpex,618.609,5,2,1
cpex,850.482,2,2,1
cpex,752.0,2,2,1
cpex,663.37,4,2,1
cpex,614.99,3,2,1
cpex,667.488,5,2,1
cpex,738.028,4,2,1
cpex,654.939,4,2,1
cpex,668.649,5,2,1
cpex,564.352,3,2,1
cpex,667.653,3,2,1
cpex,646.69,3,2,1
cpex,584.08,4,2,1
cpex,638.83,5,2,1
cpex,542.396,6,2,1
cpex,670.246,3,2,1
cpex,748.72,3,2,1
cpex,621.923,3,2,1
cpex,532.598,4,2,1
cpex,503.924,3,2,1
cpex,654.034,3,2,1
cpex,750.362,5,2,1
cpex,616.312,4,2,1
cpex,587.622,4,2,1
cpex,473.681,5,2,1
cpex,536.686,4,2,1
cpex,672.765,4,2,1
cpex,456.79,4,2,1
cpex,641.028,4,2,1
cpex,638.91,3,2,1
cpex,631.782,3,2,1
cpex,600.744,4,2,1
cpex,1813.157,5,2,1
cpex,548.056,4,2,1
cpex,494.93,4,2,1
cpex,497.822,4,2,1
cpex,648.896,2,2,1
cpex,653.008,3,2,1
cpex,667.945,2,2,1
cpex,495.136,5,2,1
cpex,680.36,3,2,1
cpex,1415.686,6,4,1
cpex,585.158,4,2,1
cpex,638.715,6,2,1
cpex,628.99,6,2,1
cpex,643.648,5,2,1
cpex,1204.895,6,4,1
cpex,654.733,4,2,1
cpex,588.85,4,2,1
cpex,521.909,4,2,1
cpex,650.035,2,2,1
cpex,817.337,6,2,1
cpex,449.888,6,2,1
cpex,786.883,5,2,1
cpex,601.324,4,2,1
cpex,1220.08,5,4,1
cpex,1103.594,5,4,1
cpex,1032.042,6,4,1
cpex,482.075,4,2,1
cpex,622.127,4,2,1
cpex,649.486,5,2,1
cpex,481.762,4,2,1
cpex,748.527,4,2,1
cpex,1528.765,5,4,1
cpex,671.314,4,2,1
cpex,672.113,5,2,1
cpex,744.638,3,2,1
cpex,709.731,3,2,1
cpex,478.404,4,2,1
cpex,791.965,5,2,1
cpex,645.25,5,2,1
cpex,679.753,3,2,1
cpex,645.761,6,2,1
cpex,573.848,5,2,1
cpex,744.952,5,2,1
cpex,1094.962,6,4,1
cpex,441.382,2,2,1
cpex,744.902,6,2,1
cpex,666.871,5,2,1
cpex,643.837,3,2,1
cpex,718.876,4,2,1
cpex,702.25,6,2,1
cpex,813.365,4,2,1
cpex,1291.323,4,4,1
cpex,531.997,5,2,1
cpex,453.252,4,2,1
cpex,602.883,4,2,1
cpex,750.1,5,2,1
cpex,1274.107,4,4,1
cpex,733.675,4,2,1
cpex,785.601,4,2,1
cpex,492.75,3,2,1
cpex,1498.292,4,4,1
cpex,646.675,5,2,1
cpex,505.96,3,2,1
cpex,577.292,5,2,1
cpex,780.741,2,2,1
cpex,598.005,5,2,1
cpex,593.1,3,2,1
cpex,445.766,4,2,1
cpex,485.866,6,2,1
cpex,636.848,3,2,1
cpex,852.906,5,4,1
cpex,764.25,4,2,1
cpex,668.149,6,2,1
cpex,645.676,5,2,1
cpex,595.044,4,2,1
cpex,540.224,3,2,1
cpex,652.309,2,2,1
cpex,1574.96,4,4,1
cpex,503.921,6,2,1
cpex,534.565,3,2,1
cpex,753.298,4,2,1
cpex,524.051,5,2,1
cpex,802.781,4,2,1
cpex,631.457,4,2,1
cpex,754.929,4,2,1
cpex,1308.452,6,4,1
cpex,1487.687,5,4,1
cpex,1301.897,5,4,1
cpex,344.59,4,2,1
cpex,1542.789,5,4,1
cpex,745.679,5,2,1
cpex,686.883,3,2,1
cpex,1563.956,4,4,1
cpex,1267.384,5,4,1
cpex,1525.253,6,4,1
cpex,1513.077,4,4,1
cpex,1499.617,4,4,1
cpex,1293.052,5,4,1
cpex,564.193,5,2,1
cpex,660.438,4,2,1
cpex,756.897,3,2,1
cpex,1255.205,7,4,1
cpex,1187.697,6,4,1
cpex,1267.166,4,4,1
cpex,706.951,3,2,1
cpex,685.909,4,2,1
cpex,624.005,6,2,1
cpex,1092.441,5,4,1
cpex,775.585,6,2,1
cpex,1293.921,5,4,1
cpex,1198.37,5,4,1
cpex,1269.798,7,4,1
cpex,640.939,4,2,1
cpex,486.093,4,2,1
cpex,1200.628,6,4,1
cpex,1334.738,5,4,1
cpex,618.661,5,2,1
cpex,1353.393,4,4,1
cpex,752.662,4,2,1
cpex,650.797,4,2,1
cpex,661.271,4,2,1
cpex,1188.042,6,4,1
cpex,493.246,6,2,1
cpex,685.047,5,2,1
cpex,589.076,4,2,1
cpex,1600.443,6,4,1
cpex,751.137,5,2,1
cpex,1446.77,4,4,1
cpex,408.348,5,2,1
cpex,644.061,4,2,1
cpex,650.492,4,2,1
cpex,659.952,4,2,1
cpex,538.148,4,2,1
cpex,514.089,2,2,1
cpex,615.593,5,2,1
cpex,918.791,2,2,1
cpex,796.226,4,2,1
cpex,895.127,5,2,1
cpex,768.952,5,2,1
cpex,714.795,2,2,1
cpex,738.304,5,2,1
cpex,523.279,5,2,1
cpex,2179.116,6,4,1
cpex,645.34,6,2,1
cpex,668.691,4,2,1
cpex,526.856,5,2,1
cpex,431.846,3,2,1
cpex,628.59,4,2,1
cpex,677.341,3,2,1
cpex,1196.473,5,4,1
cpex,500.712,3,2,1
cpex,490.603,4,2,1
cpex,1513.545,5,4,1
cpex,578.006,5,2,1
cpex,642.486,4,2,1
cpex,692.254,3,2,1
cpex,1232.696,5,4,1
cpex,675.393,4,2,1
cpex,1437.221,4,4,1
cpex,499.145,4,2,1
cpex,632.599,3,2,1
cpex,729.434,4,2,1
cpex,1622.105,5,2,1
cpex,539.91,5,2,1
cpex,718.92,5,2,1
cpex,610.807,4,2,1
cpex,1911.127,4,4,1
cpex,781.333,3,2,1
cpex,749.231,5,2,1
cpex,488.786,4,2,1
cpex,737.117,3,2,1
cpex,619.044,4,2,1
cpex,747.074,4,2,1
cpex,1336.406,5,4,1
cpex,729.882,2,2,1
cpex,740.183,4,2,1
cpex,834.023,4,2,1
cpex,493.199,4,2,1
cpex,774.298,3,2,1
cpex,630.368,4,2,1
cpex,1522.922,4,4,1
cpex,575.094,5,2,1
cpex,934.625,5,4,1
cpex,755.925,4,2,1
cpex,655.49,4,2,1
cpex,646.18,3,2,1
cpex,1374.976,5,4,1
cpex,675.966,3,2,1
cpex,1223.624,5,4,1
cpex,910.891,3,2,1
cpex,643.32,3,2,1
cpex,679.408,5,2,1
cpex,652.092,5,2,1
cpex,664.159,5,2,1
cpex,679.101,5,2,1
cpex,702.318,3,2,1
cpex,2323.085,5,4,1
cpex,603.759,3,2,1
cpex,471.354,6,2,1
cpex,664.366,4,2,1
cpex,705.57,3,2,1
cpex,653.888,3,2,1
cpex,661.404,4,2,1
cpex,1306.335,5,4,1
cpex,467.627,4,2,1
cpex,630.077,5,2,1
cpex,510.572,4,2,1
cpex,690.435,4,2,1
cpex,678.051,3,2,1
cpex,601.97,4,2,1
cpex,630.624,4,2,1
cpex,667.34,3,2,1
cpex,709.786,5,2,1
cpex,1344.336,6,4,1
cpex,655.39,3,2,1
cpex,809.123,5,2,1
cpex,803.514,3,2,1
cpex,483.559,3,2,1
cpex,547.493,4,2,1
cpex,722.071,6,2,1
cpex,597.965,5,2,1
cpex,587.477,3,2,1
cpex,641.22,5,2,1
cpex,671.035,6,2,1
cpex,599.047,6,2,1
cpex,560.578,5,2,1
cpex,638.752,6,2,1
cpex,675.472,6,2,1
cpex,680.35,6,2,1
cpex,461.984,4,2,1
cpex,748.297,6,2,1
cpex,599.002,4,2,1
cpex,536.267,3,2,1
cpex,551.602,5,2,1
cpex,1279.398,4,4,1
cpex,660.703,3,2,1
cpex,1304.863,6,4,1
cpex,1201.99,5,4,1
cpex,1491.873,5,4,1
cpex,1303.865,5,4,1
cpex,683.159,5,2,1
cpex,613.228,4,2,1
cpex,778.227,5,2,1
cpex,596.03,5,2,1
cpex,1325.728,6,4,1
cpex,1346.293,5,4,1
cpex,579.657,5,2,1
cpex,1510.92,6,2,1
cpex,661.365,5,2,1
cpex,1194.88,5,4,1
cpex,601.913,4,2,1
cpex,1299.776,5,4,1
cpex,591.793,3,2,1
cpex,1278.79,7,4,1
cpex,759.51,5,2,1
cpex,730.642,4,2,1
cpex,1211.033,6,4,1
cpex,1322.854,5,4,1
cpex,594.929,5,2,1
cpex,1284.554,4,4,1
cpex,730.958,4,2,1
cpex,571.16,3,2,1
cpex,651.561,3,2,1
cpex,595.415,4,2,1
cpex,714.549,4,2,1
cpex,729.332,5,2,1
cpex,662.376,6,2,1
cpex,722.352,7,2,1
cpex,534.679,4,2,1
cpex,1305.187,6,4,1
cpex,584.245,5,2,1
cpex,593.492,7,2,1
cpex,489.447,5,2,1
cpex,610.757,5,2,1
cpex,716.04,5,2,1
cpex,489.145,3,2,1
cpex,716.383,3,2,1
cpex,699.161,6,2,1
cpex,746.093,6,2,1
cpex,744.383,5,2,1
cpex,584.721,6,2,1
cpex,652.138,4,2,1
cpex,581.732,4,2,1
cpex,739.62,5,2,1
cpex,775.091,5,2,1
cpex,644.267,4,2,1
cpex,625.006,4,2,1
cpex,622.701,4,2,1
cpex,749.48,5,2,1
cpex,653.637,4,2,1
cpex,654.526,4,2,1
cpex,414.948,5,2,1
cpex,737.646,5,2,1
cpex,650.89,6,2,1
cpex,538.925,5,2,1
cpex,601.895,4,2,1
cpex,592.729,4,2,1
cpex,1326.62,4,4,1
cpex,739.739,4,2,1
cpex,1319.161,4,4,1
cpex,651.916,4,2,1
cpex,572.116,4,2,1
cpex,652.217,4,2,1
cpex,757.402,3,2,1
cpex,729.491,4,2,1
cpex,606.705,5,2,1
cpex,756.33,5,2,1
cpex,1237.241,4,4,1
cpex,600.589,4,2,1
cpex,593.382,3,2,1
cpex,697.438,4,2,1
cpex,559.942,3,2,1
cpex,448.747,5,2,1
cpex,606.235,2,2,1
cpex,1342.471,4,4,1
cpex,655.309,5,2,1
cpex,685.08,5,2,1
cpex,620.585,3,2,1
cpex,460.365,4,2,1
cpex,737.67,3,2,1
cpex,553.826,4,2,1
cpex,661.32,6,2,1
cpex,1326.007,6,4,1
cpex,1337.404,4,4,1
cpex,1339.862,5,4,1
cpex,2378.395,5,4,1
cpex,633.368,5,2,1
cpex,494.706,4,2,1
cpex,789.732,5,2,1
cpex,636.619,5,2,1
cpex,1289.46,6,4,1
cpex,1333.806,5,4,1
cpex,453.378,5,2,1
cpex,598.014,6,2,1
cpex,693.133,5,2,1
cpex,2539.985,5,4,1
cpex,638.65,4,2,1
cpex,1522.434,5,4,1
cpex,661.262,3,2,1
cpex,1285.561,7,4,1
cpex,545.41,5,2,1
cpex,614.709,4,2,1
cpex,1223.749,6,4,1
cpex,1185.088,5,4,1
cpex,751.221,5,2,1
cpex,1221.199,4,4,1
cpex,1307.27,5,4,1
cpex,738.031,3,2,1
cpex,673.218,4,2,1
cpex,586.578,5,2,1
cpex,615.35,6,2,1
cpex,650.445,6,2,1
cpex,686.296,6,2,1
cpex,536.164,3,2,1
cpex,1308.335,5,4,1
cpex,718.109,4,2,1
cpex,597.334,6,2,1
cpex,679.137,5,2,1
cpex,747.753,4,2,1
cpex,795.909,3,2,1
cpex,651.84,5,2,1
cpex,1114.29,6,4,1
cpex,662.382,3,2,1
cpex,603.925,5,2,1
cpex,603.404,5,2,1
cpex,953.199,5,2,1
cpex,591.955,4,2,1
cpex,704.015,5,2,1
cpex,1315.776,4,4,1
cpex,682.807,3,2,1
cpex,1258.818,4,4,1
cpex,733.835,3,2,1
cpex,507.825,3,2,1
cpex,598.041,4,2,1
cpex,615.12,3,2,1
cpex,1641.907,5,4,1
cpex,751.079,3,2,1
cpex,667.103,4,2,1
cpex,523.216,4,2,1
cpex,742.017,4,2,1
cpex,1305.426,5,4,1
cpex,605.184,3,2,1
cpex,776.911,4,2,1
cpex,1382.998,4,4,1
cpex,1305.857,6,4,1
cpex,631.026,3,2,1
cpex,692.34,4,2,1
cpex,1206.524,6,4,1
cpex,2247.912,4,4,1
cpex,647.557,4,2,1
cpex,920.069,6,4,1
cpex,724.096,4,2,1
cpex,585.225,3,2,1
cpex,674.304,6,2,1
cpex,615.511,6,2,1
cpex,692.377,3,2,1
cpex,614.701,3,2,1
cpex,712.696,3,2,1
cpex,623.414,4,2,1
cpex,599.896,4,2,1
cpex,741.813,4,2,1
cpex,1019.571,4,2,1
cpex,502.708,3,2,1
cpex,753.616,5,2,1
cpex,1295.288,4,4,1
cpex,627.969,4,2,1
cpex,741.761,3,2,1
cpex,609.992,5,2,1
cpex,755.903,5,2,1
cpex,620.235,4,2,1
cpex,630.733,5,2,1
cpex,637.742,4,2,1
cpex,646.042,4,2,1
cpex,493.418,5,2,1
cpex,632.863,5,2,1
cpex,712.422,5,2,1
cpex,875.944,2,2,1
cpex,1494.714,4,4,1
cpex,655.623,3,2,1
cpex,687.597,5,2,1
cpex,640.274,4,2,1
cpex,667.586,3,2,1
cpex,630.078,4,2,1
cpex,588.139,3,2,1
cpex,1212.153,5,4,1
cpex,628.324,5,2,1
cpex,800.708,2,2,1
cpex,451.73,4,2,1
cpex,622.619,4,2,1
cpex,614.809,3,2,1
cpex,685.322,4,2,1
cpex,610.183,3,2,1
cpex,648.541,5,2,1
cpex,706.356,3,2,1
cpex,455.843,5,2,1
cpex,662.775,5,2,1
cpex,714.87,5,2,1
cpex,642.91,4,2,1
cpex,713.365,6,2,1
cpex,505.964,6,2,1
cpex,490.83,2,2,1
cpex,610.231,6,2,1
cpex,651.437,6,2,1
cpex,694.085,5,2,1
cpex,626.698,6,2,1
cpex,703.848,5,2,1
cpex,611.487,6,2,1
cpex,638.279,3,2,1
cpex,1586.549,4,2,1
cpex,597.944,4,2,1
cpex,734.301,7,2,1
cpex,1299.55,7,2,1
cpex,534.168,4,2,1
cpex,639.628,5,2,1
cpex,760.033,5,2,1
cpex,634.528,5,2,1
cpex,629.553,6,2,1
cpex,749.467,4,2,1
cpex,572.056,3,2,1
cpex,653.93,5,2,1
cpex,682.432,3,2,1
cpex,732.691,7,2,1
cpex,609.841,2,2,1
cpex,740.399,5,2,1
cpex,610.204,4,2,1
cpex,604.554,6,2,1
cpex,603.994,3,2,1
cpex,636.628,5,2,1
cpex,676.522,3,2,1
cpex,614.172,6,2,1
cpex,671.328,6,2,1
cpex,635.01,4,2,1
cpex,487.921,7,2,1
cpex,737.401,6,2,1
cpex,738.068,4,2,1
cpex,643.749,5,2,1
cpex,527.097,4,2,1
cpex,960.079,6,4,1
cpex,1018.032,5,4,1
cpex,645.558,4,2,1
cpex,595.581,6,2,1
cpex,639.728,5,2,1
cpex,742.631,4,2,1
cpex,521.888,3,2,1
cpex,582.602,4,2,1
cpex,1892.237,6,4,1
cpex,650.15,4,2,1
cpex,1022.624,3,2,1
cpex,658.086,5,2,1
cpex,656.832,5,2,1
cpex,670.778,4,2,1
cpex,653.668,5,2,1
cpex,596.295,2,2,1
cpex,651.176,4,2,1
cpex,755.469,4,2,1
cpex,603.176,4,2,1
cpex,1438.613,3,2,1
cpex,1009.905,5,4,1
cpex,994.595,6,4,1
cpex,1243.449,4,4,1
cpex,1497.72,6,4,1
cpex,667.383,3,2,1
cpex,541.061,6,2,1
cpex,738.604,4,2,1
cpex,2248.459,4,4,1
cpex,634.582,4,2,1
cpex,1260.669,6,4,1
cpex,630.637,3,2,1
cpex,628.775,5,2,1
cpex,758.48,5,2,1
cpex,747.917,5,2,1
cpex,576.896,4,2,1
cpex,597.263,3,2,1
cpex,666.902,4,2,1
cpex,661.48,4,2,1
cpex,505.001,6,2,1
cpex,632.173,6,2,1
cpex,499.892,4,2,1
cpex,636.992,5,2,1
cpex,746.957,7,2,1
cpex,617.115,7,2,1
cpex,715.644,3,2,1
cpex,503.838,5,2,1
cpex,605.449,4,2,1
cpex,457.32,5,2,1
cpex,750.455,3,2,1
cpex,648.125,6,2,1
cpex,632.809,5,2,1
cpex,479.135,4,2,1
cpex,801.926,5,2,1
cpex,614.371,5,2,1
cpex,725.483,4,2,1
cpex,561.384,4,2,1
cpex,1306.094,5,4,1
cpex,732.653,5,2,1
cpex,733.899,5,2,1
cpex,651.413,4,2,1
cpex,508.384,2,2,1
cpex,645.685,3,2,1
cpex,637.516,2,2,1
cpex,1373.906,4,4,1
cpex,537.871,4,2,1
cpex,581.901,4,2,1
cpex,627.842,4,2,1
cpex,647.475,5,2,1
cpex,509.331,5,2,1
cpex,513.586,4,2,1
cpex,634.24,4,2,1
cpex,1302.928,5,4,1
cpex,667.371,6,2,1
cpex,732.665,4,2,1
cpex,608.559,4,2,1
cpex,592.015,5,2,1
cpex,647.773,4,2,1
cpex,635.06,5,2,1
cpex,489.819,5,2,1
cpex,1301.988,7,4,1
cpex,646.932,4,2,1
cpex,732.155,4,2,1
cpex,1259.702,4,4,1
cpex,1527.205,5,4,1
cpex,593.396,5,2,1
cpex,1265.642,6,4,1
cpex,580.67,6,2,1
cpex,670.435,6,2,1
cpex,731.269,6,2,1
cpex,729.091,5,2,1
cpex,591.984,6,2,1
cpex,1166.995,4,4,1
cpex,485.084,6,2,1
cpex,459.473,4,2,1
cpex,1038.502,6,2,1
cpex,665.008,4,2,1
cpex,618.879,5,2,1
cpex,1466.488,4,2,1
cpex,665.906,5,2,1
cpex,665.89,4,2,1
cpex,1733.116,3,2,1
cpex,2142.771,5,4,1
cpex,763.22,4,2,1
cpex,2123.839,4,4,1
cpex,981.585,5,4,1
