Num Evals, Num Stores, PUB:P, PUB:EV, PUB:MS, RET:P, RET:MS, Latency
1, 1, 10.172, 3.25, 3.349, 13.172, 3.265, 29.843
1, 2, 9.64, 3.152, 4.378, 13.071, 3.221, 29.014
1, 3, 10.56, 3.062, 3.466, 14.551, 3.181, 31.235
1, 4, 12.485, 3.219, 3.358, 16.258, 3.658, 35.181
1, 5, 16.331, 3.346, 3.295, 19.183, 3.29, 42.207
1, 6, 17.968, 3.18, 3.419, 21.223, 3.529, 45.551
1, 7, 20.419, 3.38, 3.436, 22.524, 3.332, 49.702
1, 8, 23.429, 3.143, 3.668, 27.519, 3.541, 57.233
1, 9, 47.988, 3.152, 3.956, 32.825, 3.437, 87.117
1, 10, 27.474, 3.715, 3.446, 30.422, 3.443, 65.327
2, 1, 8.747, 3.258, 3.877, 12.371, 3.463, 27.635
2, 2, 10.717, 3.323, 3.523, 14.006, 3.363, 31.368
2, 3, 13.737, 3.373, 3.27, 16.567, 3.191, 37.05
2, 4, 15.923, 3.309, 3.624, 18.259, 3.278, 40.798
2, 5, 18.413, 3.446, 3.466, 21.326, 3.494, 46.631
2, 6, 20.514, 3.5, 3.354, 22.936, 3.256, 50.451
2, 7, 22.166, 3.2, 3.379, 25.267, 3.552, 53.833
2, 8, 26.826, 3.491, 3.604, 28.493, 3.415, 62.301
2, 9, 31.864, 3.52, 3.549, 30.605, 3.448, 69.509
2, 10, 32.25, 3.3, 3.482, 33.521, 3.325, 72.371
3, 1, 11.475, 3.143, 3.456, 14.391, 3.438, 32.152
3, 2, 19.669, 3.179, 4.922, 23.317, 4.29, 49.344
3, 3, 16.998, 3.202, 3.222, 19.678, 3.222, 43.079
3, 4, 17.883, 3.104, 3.193, 20.604, 3.81, 44.695
3, 5, 19.615, 3.142, 3.204, 22.629, 3.191, 48.528
3, 6, 21.867, 3.142, 3.335, 25.04, 3.631, 53.192
3, 7, 25.639, 3.241, 3.429, 28.874, 3.366, 60.994
3, 8, 27.084, 3.158, 3.379, 29.987, 3.304, 63.387
3, 9, 29.64, 3.316, 3.529, 36.076, 4.209, 72.348
3, 10, 30.087, 3.05, 3.143, 33.828, 3.66, 70.016
4, 1, 14.597, 3.552, 3.603, 17.839, 3.908, 39.539
4, 2, 15.856, 3.388, 3.119, 19.24, 3.1, 41.872
4, 3, 17.292, 3.108, 3.214, 20.201, 3.123, 43.709
4, 4, 19.522, 3.098, 3.263, 22.36, 3.181, 48.079
4, 5, 21.631, 3.087, 3.154, 24.346, 3.138, 52.151
4, 6, 25.43, 3.091, 3.369, 28.124, 3.284, 59.736
4, 7, 27.235, 3.239, 3.357, 30.405, 3.61, 64.119
4, 8, 32.4, 3.551, 3.42, 33.165, 3.311, 72.668
4, 9, 32.732, 3.339, 3.499, 33.83, 3.164, 73.241
4, 10, 32.901, 3.122, 3.254, 41.272, 4.412, 80.417
5, 1, 16.327, 3.08, 3.294, 19.293, 3.466, 41.78
5, 2, 21.859, 8.07, 3.22, 24.772, 3.518, 62.771
5, 3, 24.584, 3.227, 3.998, 26.976, 3.287, 58.014
5, 4, 32.869, 3.21, 3.627, 27.792, 3.41, 67.08
5, 5, 26.825, 3.466, 3.562, 29.708, 3.576, 63.466
5, 6, 28.961, 3.44, 4.467, 42.808, 6.763, 78.648
5, 7, 58.676, 5.85, 4.513, 47.381, 3.14, 117.758
5, 8, 30.324, 3.063, 4.866, 33.201, 3.515, 69.652
5, 9, 32.446, 3.052, 3.131, 35.95, 3.22, 74.5
5, 10, 34.997, 3.042, 3.147, 38.124, 3.331, 79.206
6, 1, 19.289, 3.248, 4.214, 22.745, 3.211, 48.529
6, 2, 20.606, 3.342, 3.306, 24.056, 3.236, 51.345
6, 3, 23.159, 3.28, 3.352, 26.272, 3.628, 55.99
6, 4, 25.558, 3.47, 3.442, 28.519, 3.422, 61.018
6, 5, 28.604, 3.317, 3.87, 32.522, 3.345, 67.761
6, 6, 35.794, 3.098, 3.232, 38.206, 3.19, 80.196
6, 7, 31.759, 3.066, 3.244, 33.843, 3.181, 71.734
6, 8, 33.021, 3.069, 3.564, 35.533, 3.191, 74.693
6, 9, 36.041, 3.086, 3.139, 38.388, 3.184, 80.601
6, 10, 38.96, 3.132, 3.243, 40.86, 3.204, 86.084
7, 1, 19.589, 3.143, 3.373, 22.581, 3.135, 48.456
7, 2, 22.805, 3.106, 3.349, 26.52, 3.505, 55.536
7, 3, 26.777, 3.382, 3.408, 30.283, 3.628, 63.823
7, 4, 33.926, 3.259, 5.949, 50.228, 6.707, 90.671
7, 5, 59.556, 6.005, 6.97, 62.982, 5.458, 134.548
7, 6, 49.918, 3.14, 3.29, 52.859, 3.248, 109.058
7, 7, 33.589, 3.114, 3.439, 37.628, 3.48, 77.445
7, 8, 35.861, 3.247, 3.22, 39.103, 3.367, 81.458
7, 9, 38.776, 3.122, 3.76, 41.021, 3.14, 86.041
7, 10, 39.731, 3.078, 3.116, 42.004, 3.19, 87.891
8, 1, 21.943, 3.052, 3.115, 24.988, 3.12, 53.036
8, 2, 26.289, 3.354, 3.33, 29.251, 3.314, 62.249
8, 3, 27.252, 3.054, 3.197, 30.009, 3.132, 63.37
8, 4, 28.589, 3.064, 3.14, 31.883, 3.404, 66.6
8, 5, 34.062, 3.33, 3.65, 38.396, 3.655, 79.119
8, 6, 36.595, 3.392, 3.409, 38.626, 3.199, 82.005
8, 7, 35.277, 3.046, 3.184, 38.79, 3.179, 80.159
8, 8, 39.125, 3.345, 3.358, 41.674, 3.465, 87.488
8, 9, 40.608, 3.242, 3.339, 44.224, 3.301, 91.317
8, 10, 43.391, 3.266, 3.259, 46.809, 3.258, 96.731
9, 1, 25.206, 3.08, 3.303, 28.029, 3.369, 59.395
9, 2, 26.879, 3.066, 3.174, 29.714, 3.14, 62.724
9, 3, 28.48, 3.053, 3.19, 31.471, 3.163, 66.058
9, 4, 31.046, 3.077, 3.199, 33.656, 3.107, 70.855
9, 5, 39.146, 3.217, 3.396, 41.848, 4.58, 87.427
9, 6, 69.345, 6.256, 7.169, 73.814, 3.242, 155.671
9, 7, 38.361, 3.076, 3.177, 40.911, 3.182, 85.426
9, 8, 39.905, 3.082, 3.151, 42.526, 3.242, 88.595
9, 9, 46.521, 3.05, 3.316, 48.98, 3.134, 101.602
9, 10, 45.645, 3.198, 3.147, 48.444, 3.661, 100.485
10, 1, 28.669, 3.376, 3.427, 32.016, 3.309, 67.438
10, 2, 30.503, 3.334, 3.423, 33.843, 3.355, 71.014
10, 3, 33.023, 3.231, 3.39, 35.727, 3.228, 75.213
10, 4, 33.24, 3.063, 3.188, 36.181, 3.241, 75.547
10, 5, 38.621, 3.316, 3.328, 42.086, 3.222, 87.339
10, 6, 39.885, 3.125, 3.5, 43.45, 3.528, 89.585
10, 7, 43.31, 3.441, 3.247, 46.333, 3.211, 96.526
10, 8, 42.936, 3.148, 3.177, 45.752, 3.256, 94.984
10, 9, 44.606, 3.12, 3.171, 48.082, 3.16, 98.929
10, 10, 49.952, 3.347, 3.208, 53.422, 3.198, 110.067
1, 1, 5.415, 3.07, 3.578, 8.969, 3.199, 20.525
1, 2, 7.789, 3.1, 3.162, 10.681, 3.121, 24.669
1, 3, 10.65, 3.618, 3.218, 13.059, 3.534, 30.946
1, 4, 11.99, 3.075, 3.119, 14.739, 3.149, 32.88
1, 5, 15.155, 3.234, 3.301, 18.622, 3.279, 40.245
1, 6, 22.685, 3.225, 3.833, 26.87, 3.452, 56.005
1, 7, 18.76, 3.189, 3.308, 22.608, 3.21, 47.746
1, 8, 21.322, 3.511, 3.212, 23.556, 3.187, 51.899
1, 9, 24.158, 3.274, 3.265, 29.492, 5.842, 60.198
1, 10, 48.112, 9.074, 6.066, 31.804, 4.893, 98.062
2, 1, 13.136, 6.764, 7.259, 12.246, 9.779, 38.909
2, 2, 18.298, 5.074, 3.382, 20.013, 3.298, 48.458
2, 3, 12.854, 3.486, 3.209, 16.418, 3.387, 36.245
2, 4, 15.952, 3.272, 3.469, 18.575, 3.364, 41.072
2, 5, 18.976, 3.229, 3.262, 21.125, 3.35, 46.559
2, 6, 20.264, 3.47, 3.229, 22.131, 3.251, 49.335
2, 7, 21.555, 3.158, 3.367, 25.95, 3.245, 53.822
2, 8, 24.923, 3.093, 3.388, 27.496, 3.353, 58.604
2, 9, 27.311, 3.12, 3.178, 28.744, 3.223, 62.296
2, 10, 30.717, 3.343, 3.775, 31.234, 3.31, 68.638
3, 1, 11.077, 3.295, 3.119, 13.975, 3.152, 31.642
3, 2, 12.835, 3.122, 3.225, 16.195, 3.379, 35.274
3, 3, 16.715, 3.575, 3.308, 18.943, 3.465, 42.809
3, 4, 18.102, 3.27, 3.372, 21.108, 3.313, 45.752
3, 5, 19.201, 3.214, 3.204, 23.045, 3.303, 48.675
3, 6, 21.666, 3.477, 3.475, 24.425, 3.157, 53.046
3, 7, 31.421, 3.217, 3.599, 35.369, 3.341, 73.223
3, 8, 26.156, 3.168, 3.468, 30.045, 3.345, 62.537
3, 9, 28.476, 3.267, 3.238, 31.488, 3.5, 66.498
3, 10, 30.745, 3.125, 3.324, 33.502, 3.264, 70.496
4, 1, 12.51, 3.176, 3.136, 15.527, 3.342, 34.389
4, 2, 15.365, 3.081, 3.129, 18.182, 3.178, 39.708
4, 3, 16.998, 3.083, 3.746, 20.7, 3.267, 43.864
4, 4, 20.108, 3.278, 3.449, 25.526, 3.236, 52.19
4, 5, 21.971, 3.081, 3.201, 24.831, 3.363, 52.964
4, 6, 25.31, 3.216, 3.204, 27.315, 3.254, 59.057
4, 7, 25.999, 3.102, 3.224, 29.058, 3.187, 61.261
4, 8, 33.25, 3.089, 3.219, 33.089, 3.163, 72.517
4, 9, 30.803, 3.088, 3.554, 36.772, 3.439, 73.752
4, 10, 36.234, 3.404, 3.517, 38.419, 3.452, 81.461
5, 1, 17.043, 3.415, 3.251, 20.03, 3.338, 43.904
5, 2, 18.085, 3.307, 3.476, 21.311, 3.417, 46.01
5, 3, 20.914, 3.292, 3.438, 23.87, 3.402, 51.367
5, 4, 22.567, 3.19, 3.254, 25.591, 3.213, 54.538
5, 5, 24.967, 3.191, 3.44, 28.872, 3.581, 60.221
5, 6, 29.611, 3.425, 3.365, 32.563, 3.407, 69.024
5, 7, 32.483, 3.262, 3.676, 35.273, 3.444, 74.279
5, 8, 40.986, 3.604, 3.31, 42.884, 4.126, 91.078
5, 9, 40.056, 3.265, 3.234, 42.319, 3.245, 88.905
5, 10, 35.935, 3.056, 3.269, 37.929, 3.146, 79.975
6, 1, 17.323, 3.048, 3.262, 20.222, 3.137, 43.642
6, 2, 19.422, 3.068, 3.184, 22.273, 3.144, 47.831
6, 3, 21.895, 3.093, 3.65, 29.783, 6.617, 57.864
6, 4, 38.731, 5.917, 3.326, 42.033, 3.147, 92.597
6, 5, 25.999, 3.064, 3.221, 29.415, 3.348, 61.542
6, 6, 28.222, 3.05, 3.159, 31.36, 3.187, 65.681
6, 7, 31.801, 3.172, 3.312, 34.638, 3.146, 72.782
6, 8, 32.639, 3.051, 3.132, 35.298, 3.267, 74.039
6, 9, 36.142, 3.313, 3.221, 38.6, 3.38, 81.368
6, 10, 40.281, 3.394, 3.176, 41.96, 3.222, 89.029
7, 1, 19.897, 3.082, 3.239, 23.072, 3.263, 49.133
7, 2, 22.22, 3.146, 3.255, 25.108, 3.256, 53.62
7, 3, 24.087, 3.072, 3.296, 26.88, 3.277, 57.11
7, 4, 28.766, 3.485, 3.256, 31.411, 3.191, 67.147
7, 5, 29.606, 3.089, 3.236, 32.341, 3.201, 68.124
7, 6, 31.464, 3.066, 3.186, 33.749, 3.2, 71.346
7, 7, 33.835, 3.076, 3.226, 36.443, 3.241, 76.429
7, 8, 35.316, 3.062, 3.209, 38.396, 3.219, 79.836
7, 9, 43.503, 3.19, 3.276, 45.937, 3.305, 95.821
7, 10, 41.891, 3.305, 3.354, 45.576, 3.396, 94.077
8, 1, 23.293, 3.227, 3.392, 26.309, 3.184, 56.055
8, 2, 26.927, 3.318, 3.276, 28.825, 3.633, 62.389
8, 3, 28.2, 3.258, 3.298, 31.087, 3.376, 65.803
8, 4, 31.149, 3.318, 3.532, 33.624, 4.904, 71.408
8, 5, 31.383, 3.117, 3.226, 34.182, 3.194, 71.799
8, 6, 34.171, 3.097, 3.275, 36.14, 3.167, 76.504
8, 7, 35.984, 3.085, 3.174, 38.667, 3.594, 80.821
8, 8, 37.887, 3.178, 3.208, 40.527, 3.178, 84.77
8, 9, 39.621, 3.065, 3.257, 42.648, 3.202, 88.4
8, 10, 46.114, 3.699, 4.242, 47.563, 3.288, 101.075
9, 1, 27.812, 3.462, 3.662, 30.912, 3.2, 65.647
9, 2, 29.199, 3.257, 3.22, 32.088, 3.217, 67.801
9, 3, 30.817, 3.168, 3.199, 33.43, 6.127, 70.583
9, 4, 54.721, 3.181, 3.175, 57.659, 3.395, 118.743
9, 5, 35.116, 3.206, 3.424, 38.299, 3.355, 79.827
9, 6, 36.539, 3.208, 3.33, 40.015, 3.231, 82.97
9, 7, 39.049, 3.175, 3.229, 41.928, 3.366, 87.327
9, 8, 41.676, 3.164, 3.277, 44.145, 3.219, 92.148
9, 9, 43.16, 3.171, 3.236, 46.473, 3.302, 95.976
9, 10, 50.765, 3.181, 3.45, 58.285, 3.24, 115.413
10, 1, 27.383, 3.253, 3.374, 30.542, 3.281, 64.432
10, 2, 30.383, 3.185, 3.975, 33.531, 3.474, 70.285
10, 3, 35.021, 3.481, 3.567, 37.893, 3.529, 79.876
10, 4, 36.141, 3.352, 4.899, 39.201, 3.351, 82.047
10, 5, 38.74, 3.651, 3.444, 40.893, 3.387, 86.935
10, 6, 44.077, 3.184, 3.284, 47.309, 3.469, 97.755
10, 7, 41.521, 3.224, 3.274, 44.384, 3.357, 92.353
10, 8, 44.449, 3.061, 3.127, 47.273, 3.126, 97.843
10, 9, 44.897, 3.165, 3.199, 47.284, 3.15, 98.511
10, 10, 51.804, 5.26, 3.499, 50.962, 3.493, 113.286
1, 1, 5.633, 3.248, 3.267, 8.522, 3.109, 20.651
1, 2, 7.669, 3.065, 4.877, 14.018, 4.324, 27.817
1, 3, 10.836, 3.186, 3.188, 14.103, 3.43, 31.312
1, 4, 13.131, 3.409, 3.177, 16.434, 3.662, 36.382
1, 5, 15.4, 3.538, 3.703, 17.486, 3.164, 39.962
1, 6, 17.291, 3.154, 3.368, 19.718, 3.205, 43.316
1, 7, 18.813, 3.067, 3.171, 21.564, 4.194, 46.512
1, 8, 21.165, 3.045, 3.182, 25.555, 3.395, 52.81
1, 9, 24.847, 3.244, 3.209, 26.365, 3.277, 57.7
1, 10, 25.635, 3.032, 3.136, 28.406, 3.236, 60.104
2, 1, 18.433, 7.27, 4.42, 21.789, 3.232, 54.762
2, 2, 16.445, 3.484, 7.879, 19.233, 4.877, 42.645
2, 3, 14.751, 5.3, 6.13, 17.17, 3.148, 42.521
2, 4, 14.724, 3.264, 3.125, 17.421, 3.159, 38.673
2, 5, 16.893, 3.051, 3.199, 19.707, 3.19, 42.703
2, 6, 19.293, 3.263, 3.198, 22.058, 3.16, 47.878
2, 7, 21.151, 3.032, 3.171, 23.847, 3.153, 51.062
2, 8, 23.247, 3.062, 3.213, 26.052, 3.11, 55.422
2, 9, 31.816, 3.13, 3.53, 33.048, 3.77, 71.123
2, 10, 32.195, 3.627, 3.66, 34.196, 3.294, 73.645
3, 1, 11.165, 3.255, 3.355, 14.537, 3.378, 32.212
3, 2, 13.795, 3.407, 3.217, 17.788, 3.953, 38.397
3, 3, 16.333, 3.537, 3.523, 19.5, 3.726, 42.907
3, 4, 21.873, 3.245, 3.48, 24.986, 3.735, 53.348
3, 5, 21.667, 3.416, 3.538, 25.06, 3.569, 53.56
3, 6, 23.706, 3.369, 3.602, 27.121, 3.425, 57.566
3, 7, 26.925, 3.285, 3.498, 30.402, 3.482, 63.897
3, 8, 30.002, 3.345, 3.647, 33.092, 3.465, 69.785
3, 9, 32.528, 3.534, 4.654, 42.894, 3.31, 82.49
3, 10, 33.715, 3.151, 3.316, 35.048, 3.864, 75.065
4, 1, 13.919, 3.492, 3.449, 17.084, 3.52, 37.987
4, 2, 33.168, 3.541, 5.649, 36.677, 3.402, 76.925
4, 3, 17.899, 3.094, 3.212, 20.922, 3.214, 45.01
4, 4, 19.936, 3.107, 3.264, 22.911, 3.331, 49.061
4, 5, 21.612, 3.111, 3.189, 24.58, 3.166, 52.413
4, 6, 25.195, 3.186, 3.463, 29.076, 3.26, 60.644
4, 7, 28.178, 3.251, 3.4, 30.792, 3.347, 65.471
4, 8, 47.5, 3.247, 4.759, 33.264, 3.486, 87.259
4, 9, 33.244, 3.471, 3.47, 37.229, 3.381, 77.416
4, 10, 36.164, 3.32, 3.535, 39.377, 3.418, 82.181
5, 1, 16.023, 3.217, 3.195, 19.19, 3.238, 41.646
5, 2, 18.802, 3.21, 3.584, 21.532, 3.26, 46.754
5, 3, 21.281, 3.375, 3.391, 24.018, 3.405, 52.049
5, 4, 22.684, 3.16, 3.304, 27.226, 4.041, 56.229
5, 5, 24.45, 3.118, 3.26, 27.637, 3.19, 58.323
5, 6, 27.992, 3.133, 3.534, 30.639, 3.245, 64.897
5, 7, 28.811, 3.186, 3.325, 32.056, 3.312, 67.239
5, 8, 31.436, 3.307, 3.262, 34.196, 3.189, 72.247
5, 9, 36.455, 3.324, 3.183, 38.601, 3.423, 81.705
5, 10, 35.306, 3.081, 3.211, 38.506, 3.213, 79.975
6, 1, 18.039, 3.114, 3.122, 20.78, 3.127, 45.047
6, 2, 19.487, 3.139, 3.193, 23.766, 3.176, 49.531
6, 3, 23.749, 3.132, 3.413, 26.53, 5.036, 56.543
6, 4, 27.11, 3.223, 3.24, 29.177, 3.369, 62.734
6, 5, 26.899, 3.559, 3.3, 30.938, 3.382, 64.955
6, 6, 31.04, 3.351, 3.338, 33.848, 3.314, 71.591
6, 7, 33.869, 3.322, 3.859, 35.184, 3.228, 75.697
6, 8, 35.45, 3.277, 3.466, 38.178, 3.355, 80.183
6, 9, 38.205, 3.183, 3.416, 41.928, 3.563, 86.499
6, 10, 40.488, 3.142, 3.27, 42.935, 3.4, 89.706
7, 1, 20.568, 3.342, 3.129, 24.75, 3.111, 52.001
7, 2, 21.852, 3.131, 3.113, 24.791, 3.147, 52.905
7, 3, 23.974, 3.11, 3.157, 27.226, 3.252, 57.421
7, 4, 29.695, 3.356, 3.54, 32.472, 3.615, 68.879
7, 5, 30.744, 3.248, 3.386, 33.733, 3.291, 70.973
7, 6, 33.133, 3.179, 3.392, 35.789, 3.323, 75.281
7, 7, 34.066, 3.192, 3.257, 37.162, 3.689, 77.613
7, 8, 38.12, 3.32, 3.383, 40.536, 3.258, 85.296
7, 9, 40.246, 3.245, 3.255, 42.771, 3.248, 89.507
7, 10, 41.451, 3.183, 3.252, 44.507, 3.293, 92.324
8, 1, 23.318, 3.189, 3.271, 26.345, 3.573, 56.041
8, 2, 25.699, 3.315, 4.125, 28.821, 3.389, 61.149
8, 3, 28.449, 3.23, 3.493, 33.116, 3.668, 68.026
8, 4, 29.595, 3.095, 3.309, 33.387, 3.395, 69.173
8, 5, 32.526, 3.088, 3.192, 35.357, 3.147, 74.058
8, 6, 35.162, 3.107, 3.464, 37.866, 3.153, 79.241
8, 7, 35.457, 3.093, 3.614, 38.844, 3.199, 80.488
8, 8, 37.352, 3.151, 3.208, 40.624, 3.17, 84.279
8, 9, 39.867, 3.113, 3.18, 42.484, 3.242, 88.576
8, 10, 42.025, 3.138, 3.278, 44.973, 3.155, 93.275
9, 1, 24.46, 3.114, 3.096, 27.521, 3.081, 58.208
9, 2, 26.579, 3.121, 3.194, 29.548, 3.265, 62.37
9, 3, 30.157, 3.161, 3.246, 32.462, 3.238, 68.942
9, 4, 31.435, 3.077, 3.175, 34.046, 3.153, 71.636
9, 5, 34.117, 3.16, 3.278, 36.987, 3.266, 77.424
9, 6, 36.477, 3.226, 3.386, 39.67, 3.531, 82.599
9, 7, 40.551, 3.365, 3.397, 44.894, 3.36, 92.175
9, 8, 41.774, 3.206, 3.298, 44.781, 3.327, 92.967
9, 9, 48.772, 3.444, 3.457, 50.981, 3.678, 106.641
9, 10, 48.313, 3.407, 3.334, 51.408, 3.438, 106.535
10, 1, 28.082, 3.256, 3.508, 31.551, 3.383, 66.145
10, 2, 30.864, 3.258, 3.382, 34.059, 3.171, 71.439
10, 3, 32.286, 3.202, 3.645, 35.222, 3.423, 73.913
10, 4, 34.527, 3.201, 3.555, 38.887, 3.643, 79.816
10, 5, 37.362, 3.348, 3.335, 40.691, 3.409, 84.748
10, 6, 39.547, 3.228, 3.265, 42.472, 3.313, 88.475
10, 7, 42.611, 3.202, 3.235, 45.555, 3.332, 94.57
10, 8, 44.217, 3.15, 3.221, 46.543, 3.248, 97.06
10, 9, 46.469, 3.142, 3.238, 48.638, 3.243, 101.391
10, 10, 47.783, 3.167, 3.274, 50.731, 3.368, 104.848
1, 1, 5.577, 3.089, 3.149, 8.45, 3.174, 20.204
1, 2, 7.835, 3.303, 3.125, 10.61, 3.114, 25.051
1, 3, 9.752, 3.062, 3.495, 13.144, 3.086, 29.021
1, 4, 12.016, 3.031, 3.134, 15.188, 3.241, 33.266
1, 5, 14.713, 3.25, 3.242, 17.347, 3.384, 38.561
1, 6, 16.929, 3.07, 3.168, 19.276, 4.463, 42.346
1, 7, 18.599, 3.098, 3.131, 21.877, 3.209, 46.672
1, 8, 21.56, 3.052, 3.231, 23.798, 3.252, 51.462
1, 9, 24.314, 3.056, 3.387, 27.789, 3.441, 58.215
1, 10, 27.077, 3.157, 3.261, 30.125, 3.293, 63.516
2, 1, 7.885, 3.188, 3.099, 11.083, 3.28, 25.345
2, 2, 10.204, 3.11, 3.222, 13.305, 3.286, 29.728
2, 3, 12.612, 3.2, 3.256, 15.995, 3.208, 35.007
2, 4, 14.849, 3.236, 3.401, 18.165, 3.283, 39.486
2, 5, 17.18, 3.309, 3.682, 20.07, 3.248, 43.868
2, 6, 20.202, 3.198, 3.313, 22.894, 3.218, 49.493
2, 7, 21.811, 3.157, 3.257, 24.706, 3.26, 52.832
2, 8, 25.479, 3.234, 3.222, 27.423, 3.316, 59.37
2, 9, 28.426, 3.401, 3.259, 29.631, 3.337, 64.86
2, 10, 31.098, 3.386, 3.554, 33.428, 3.412, 71.297
3, 1, 10.35, 3.199, 3.243, 13.594, 3.234, 30.341
3, 2, 12.526, 3.193, 3.212, 15.734, 3.211, 34.646
3, 3, 15.334, 3.205, 3.167, 17.943, 3.233, 39.685
3, 4, 16.881, 3.131, 3.168, 19.594, 3.2, 42.737
3, 5, 20.138, 3.257, 3.566, 23.554, 3.414, 50.206
3, 6, 22.973, 3.38, 3.378, 25.573, 3.117, 55.306
3, 7, 23.699, 3.114, 3.231, 26.496, 3.228, 56.422
3, 8, 26.274, 3.098, 3.163, 28.414, 3.162, 60.884
3, 9, 27.636, 3.143, 3.262, 31.913, 3.27, 65.836
3, 10, 31.846, 3.209, 3.428, 35.147, 3.463, 73.412
4, 1, 12.853, 3.113, 3.15, 15.979, 3.362, 35.057
4, 2, 15.436, 3.108, 3.254, 18.329, 3.174, 39.98
4, 3, 17.797, 3.321, 3.301, 21.214, 3.477, 45.653
4, 4, 19.414, 3.128, 3.356, 22.592, 3.259, 48.261
4, 5, 23.125, 3.256, 3.418, 26.531, 3.305, 56.167
4, 6, 24.67, 3.218, 3.26, 27.996, 3.291, 59.102
4, 7, 28.492, 3.428, 3.406, 30.91, 3.516, 66.257
4, 8, 30.369, 3.358, 3.409, 33.672, 3.401, 70.757
4, 9, 34.385, 3.191, 3.527, 35.688, 3.262, 76.455
4, 10, 33.775, 3.193, 3.259, 36.966, 3.319, 77.126
5, 1, 16.414, 3.239, 3.499, 19.623, 3.439, 42.516
5, 2, 18.727, 3.268, 3.416, 21.845, 3.426, 47.108
5, 3, 20.471, 3.38, 3.658, 23.429, 3.209, 50.659
5, 4, 21.837, 3.091, 3.204, 25.27, 3.226, 53.29
5, 5, 25.402, 3.149, 3.243, 28.552, 3.303, 60.253
5, 6, 27.644, 3.094, 3.655, 32.648, 3.445, 66.48
5, 7, 30.123, 3.311, 3.382, 33.561, 3.337, 70.306
5, 8, 31.367, 3.224, 3.348, 34.929, 3.304, 72.744
5, 9, 34.148, 3.281, 3.601, 36.934, 3.293, 77.643
5, 10, 37.14, 3.378, 3.545, 42.863, 3.424, 86.759
6, 1, 19.314, 3.465, 3.524, 22.448, 3.529, 48.69
6, 2, 20.765, 3.158, 3.278, 23.809, 3.249, 50.89
6, 3, 22.91, 3.219, 3.364, 25.811, 3.577, 55.16
6, 4, 24.566, 3.106, 3.187, 27.875, 3.228, 58.652
6, 5, 26.11, 3.067, 3.492, 29.1, 3.297, 61.344
6, 6, 28.347, 3.102, 3.261, 32.319, 3.167, 66.871
6, 7, 31.528, 3.108, 3.226, 34.028, 3.13, 71.773
6, 8, 37.234, 3.14, 3.314, 36.898, 3.25, 80.413
6, 9, 35.204, 3.076, 3.21, 37.934, 3.226, 79.291
6, 10, 39.257, 3.185, 3.343, 41.667, 3.369, 87.294
7, 1, 19.951, 3.157, 3.371, 23.148, 3.11, 49.413
7, 2, 22.724, 3.271, 3.331, 25.261, 3.24, 54.528
7, 3, 25.074, 3.142, 3.175, 27.991, 3.332, 59.348
7, 4, 27.127, 3.187, 3.118, 29.714, 3.257, 63.215
7, 5, 29.257, 3.09, 3.237, 32.053, 3.223, 67.49
7, 6, 31.397, 3.251, 3.342, 34.83, 3.246, 72.728
7, 7, 33.682, 3.077, 3.204, 35.918, 3.218, 75.754
7, 8, 36.475, 3.222, 3.259, 38.647, 3.234, 81.567
7, 9, 38.63, 3.228, 3.519, 41.822, 3.668, 86.908
7, 10, 42.714, 3.391, 3.336, 45.397, 3.355, 94.894
8, 1, 23.965, 3.247, 3.347, 26.853, 3.483, 57.311
8, 2, 25.091, 3.149, 3.304, 28.132, 3.294, 59.522
8, 3, 27.223, 3.12, 3.424, 31.026, 3.411, 64.489
8, 4, 29.206, 3.08, 3.667, 32.01, 3.588, 67.377
8, 5, 31.171, 3.045, 3.257, 33.682, 3.185, 70.944
8, 6, 36.206, 3.153, 3.445, 38.79, 3.148, 81.302
8, 7, 35.853, 3.172, 3.237, 38.766, 3.287, 80.963
8, 8, 38.523, 3.066, 3.31, 40.711, 3.261, 85.367
8, 9, 40.371, 3.048, 3.164, 42.893, 3.162, 89.36
8, 10, 42.091, 3.069, 3.289, 44.479, 3.323, 92.707
9, 1, 25.499, 3.138, 3.133, 28.827, 3.154, 60.602
9, 2, 26.849, 3.079, 3.134, 29.863, 3.134, 62.871
9, 3, 29.472, 3.077, 3.149, 32.697, 3.348, 68.323
9, 4, 31.197, 3.126, 3.262, 34.182, 3.177, 71.632
9, 5, 37.699, 3.837, 3.31, 40.805, 3.355, 86.178
9, 6, 36.907, 3.222, 3.277, 41.343, 3.458, 84.695
9, 7, 42.62, 3.404, 3.494, 45.523, 3.612, 94.952
9, 8, 45.091, 3.806, 3.485, 47.387, 3.573, 100.091
9, 9, 45.804, 3.25, 3.386, 48.487, 3.359, 100.79
9, 10, 47.618, 3.227, 3.403, 49.364, 3.269, 103.438
10, 1, 28.216, 3.144, 3.209, 30.686, 3.699, 65.19
10, 2, 30.618, 3.105, 3.288, 34.027, 3.223, 70.855
10, 3, 31.642, 3.09, 3.185, 34.353, 3.117, 72.175
10, 4, 34.177, 3.035, 3.081, 37.132, 3.122, 77.378
10, 5, 35.779, 3.054, 3.361, 38.536, 3.128, 80.424
10, 6, 39.407, 3.208, 3.217, 41.524, 3.271, 87.347
10, 7, 42.278, 3.233, 3.245, 44.194, 3.19, 92.937
10, 8, 42.646, 3.146, 5.369, 45.692, 3.148, 94.63
10, 9, 44.56, 3.071, 4.636, 53.366, 3.585, 104.068
10, 10, 47.688, 3.127, 3.242, 50.085, 3.251, 104.027
1, 1, 5.468, 3.164, 3.142, 8.586, 3.139, 20.382
1, 2, 7.707, 3.106, 3.611, 11.928, 3.16, 25.847
1, 3, 9.985, 3.084, 3.138, 13.046, 3.153, 29.199
1, 4, 12.56, 3.081, 3.242, 15.753, 3.22, 34.476
1, 5, 15.247, 3.145, 3.205, 17.901, 3.307, 39.439
1, 6, 17.114, 3.271, 3.224, 19.645, 3.369, 43.3
1, 7, 18.958, 3.094, 3.206, 22.383, 3.208, 47.528
1, 8, 21.849, 3.079, 3.223, 24.621, 3.297, 52.628
1, 9, 24.534, 3.447, 3.391, 27.634, 3.505, 59.062
1, 10, 27.941, 3.318, 3.388, 30.24, 3.229, 64.816
2, 1, 8.033, 3.122, 3.336, 11.044, 3.288, 25.322
2, 2, 10.102, 3.242, 3.203, 13.396, 3.228, 29.982
2, 3, 12.648, 3.247, 3.251, 18.391, 3.4, 37.533
2, 4, 15.496, 3.263, 3.48, 19.465, 3.405, 41.488
2, 5, 17.961, 3.248, 3.409, 20.326, 3.291, 44.782
2, 6, 20.984, 3.841, 3.268, 22.891, 3.263, 51.557
2, 7, 21.666, 3.203, 3.316, 24.93, 3.286, 53.002
2, 8, 24.869, 3.209, 3.253, 26.77, 3.376, 58.058
2, 9, 26.363, 3.063, 3.266, 29.132, 3.134, 61.622
2, 10, 27.787, 3.387, 3.556, 31.147, 3.242, 65.709
3, 1, 10.248, 3.041, 3.358, 13.173, 3.131, 29.502
3, 2, 12.368, 3.058, 3.187, 15.462, 3.122, 33.946
3, 3, 14.378, 3.071, 3.12, 17.453, 3.187, 37.972
3, 4, 16.772, 3.149, 3.179, 19.612, 3.137, 42.682
3, 5, 19.379, 3.069, 3.175, 21.964, 3.161, 47.481
3, 6, 21.789, 3.078, 3.23, 24.258, 3.155, 52.203
3, 7, 23.396, 3.111, 3.164, 26.46, 3.275, 56.077
3, 8, 26.715, 3.101, 3.237, 30.28, 3.342, 63.197
3, 9, 29.545, 3.1, 3.278, 33.055, 3.692, 68.799
3, 10, 33.334, 3.315, 3.361, 35.698, 3.363, 75.663
4, 1, 13.346, 3.178, 3.258, 16.671, 3.332, 36.373
4, 2, 15.821, 3.217, 3.19, 18.869, 3.261, 41.126
4, 3, 17.3, 3.152, 3.345, 20.32, 3.23, 43.924
4, 4, 21.652, 3.227, 3.417, 23.427, 3.366, 51.531
4, 5, 22.97, 3.117, 3.235, 25.072, 3.24, 54.276
4, 6, 25.213, 3.286, 3.296, 27.844, 3.218, 59.629
4, 7, 27.796, 3.178, 3.468, 30.41, 3.583, 64.562
4, 8, 30.286, 3.283, 3.36, 33.227, 3.441, 70.079
4, 9, 33.16, 3.187, 3.483, 35.712, 3.375, 75.247
4, 10, 34.276, 3.309, 3.502, 37.49, 3.718, 78.385
5, 1, 15.008, 3.07, 3.259, 17.943, 3.151, 39.091
5, 2, 17.116, 3.226, 3.263, 20.868, 3.393, 44.437
5, 3, 21.108, 3.072, 3.226, 25.499, 3.432, 52.75
5, 4, 23.541, 3.272, 3.407, 26.286, 3.218, 56.371
5, 5, 24.776, 3.192, 3.424, 28.243, 3.132, 59.403
5, 6, 27.92, 3.275, 3.297, 29.796, 3.275, 64.265
5, 7, 29.363, 3.085, 3.347, 33.906, 3.312, 69.438
5, 8, 33.831, 3.393, 3.212, 35.112, 3.21, 75.728
5, 9, 34.784, 3.165, 3.3, 36.813, 3.3, 77.928
5, 10, 38.605, 3.297, 4.512, 43.017, 3.432, 88.215
6, 1, 17.814, 3.242, 3.318, 20.71, 3.288, 45.008
6, 2, 20.561, 3.3, 3.182, 24.414, 3.376, 51.575
6, 3, 23.472, 3.523, 3.586, 26.245, 3.7, 56.763
6, 4, 25.758, 3.28, 3.332, 28.72, 3.267, 61.037
6, 5, 31.007, 3.232, 3.865, 34.44, 3.428, 71.911
6, 6, 31.34, 3.33, 3.643, 34.124, 3.695, 72.124
6, 7, 31.329, 3.102, 3.149, 33.369, 3.333, 70.903
6, 8, 36.036, 3.323, 3.392, 38.391, 3.447, 81.072
6, 9, 38.331, 3.069, 3.323, 37.985, 3.263, 82.454
6, 10, 38.406, 3.085, 3.236, 41.209, 3.201, 85.786
7, 1, 21.529, 3.138, 3.224, 25.648, 3.538, 53.452
7, 2, 23.221, 3.064, 3.132, 26.316, 3.121, 55.665
7, 3, 24.827, 3.051, 3.166, 27.339, 3.263, 58.269
7, 4, 26.116, 3.081, 3.13, 29.044, 3.14, 61.321
7, 5, 30.434, 3.328, 3.255, 33.801, 3.403, 70.891
7, 6, 31.996, 3.184, 3.429, 35.255, 3.238, 73.619
7, 7, 35.048, 3.607, 3.552, 38.028, 3.502, 80.289
7, 8, 37.346, 3.296, 3.292, 40.316, 3.326, 84.253
7, 9, 39.732, 3.217, 3.282, 42.209, 3.34, 88.374
7, 10, 43.284, 3.12, 3.434, 44.645, 3.225, 94.17
8, 1, 22.156, 3.196, 3.163, 25.378, 3.415, 53.927
8, 2, 25.69, 3.25, 3.303, 28.98, 3.287, 61.169
8, 3, 27.7, 3.161, 3.34, 30.82, 3.34, 64.843
8, 4, 29.244, 3.139, 3.254, 32.38, 3.38, 67.902
8, 5, 30.699, 3.102, 3.737, 34.214, 4.088, 71.117
8, 6, 35.166, 3.448, 3.372, 37.582, 3.434, 79.645
8, 7, 40.369, 3.412, 3.508, 42.537, 3.553, 89.73
8, 8, 42.048, 3.374, 3.391, 43.56, 3.444, 92.356
8, 9, 43.103, 3.243, 3.449, 47.176, 3.697, 96.765
8, 10, 43.217, 3.086, 3.159, 47.1, 3.395, 96.489
9, 1, 26.718, 3.465, 3.536, 30.035, 3.523, 63.684
9, 2, 28.331, 3.137, 3.296, 32.352, 4.558, 66.957
9, 3, 33.396, 3.261, 3.359, 36.367, 3.341, 76.285
9, 4, 33.224, 3.11, 3.154, 35.244, 3.305, 74.687
9, 5, 35.405, 3.172, 3.12, 38.283, 3.14, 80.031
9, 6, 37.628, 3.142, 3.28, 39.814, 3.295, 83.726
9, 7, 39.276, 3.215, 3.303, 44.647, 3.351, 90.353
9, 8, 44.43, 3.19, 3.3, 46.416, 3.312, 97.224
9, 9, 44.707, 3.253, 3.628, 47.901, 3.659, 99.114
9, 10, 48.58, 3.254, 3.373, 50.398, 3.331, 105.486
10, 1, 28.716, 3.281, 3.372, 31.713, 3.156, 66.991
10, 2, 31.163, 3.151, 3.315, 34.904, 3.358, 72.37
10, 3, 33.549, 3.289, 3.644, 37.969, 3.583, 78.096
10, 4, 36.148, 3.099, 3.315, 39.111, 3.159, 81.456
10, 5, 36.541, 3.304, 3.276, 40.289, 3.165, 83.438
10, 6, 39.349, 3.3, 3.189, 42.469, 3.332, 88.418
10, 7, 41.693, 3.163, 3.22, 43.918, 3.196, 91.937
10, 8, 42.811, 3.149, 3.192, 45.876, 3.651, 94.985
10, 9, 45.14, 3.15, 3.29, 49.624, 3.333, 101.063
10, 10, 48.929, 3.286, 3.198, 56.385, 3.316, 111.886
1, 1, 8.04, 4.905, 4.42, 11.415, 4.066, 29.265
1, 2, 8.735, 3.496, 3.303, 11.276, 3.397, 27.004
1, 3, 10.696, 3.181, 3.243, 13.215, 3.327, 30.272
1, 4, 12.598, 3.224, 3.239, 15.579, 3.269, 34.624
1, 5, 14.274, 3.07, 3.328, 17.124, 3.268, 37.539
1, 6, 16.423, 3.118, 3.156, 19.563, 3.393, 42.221
1, 7, 19.307, 3.089, 3.131, 22.176, 3.216, 47.66
1, 8, 20.829, 3.058, 3.448, 23.807, 3.318, 50.753
1, 9, 24.365, 3.367, 3.366, 26.463, 3.234, 57.562
1, 10, 25.476, 3.116, 3.372, 31.884, 3.481, 63.592
2, 1, 8.249, 3.441, 3.231, 11.548, 3.354, 26.679
2, 2, 10.495, 3.298, 3.279, 13.368, 3.401, 30.459
2, 3, 14.65, 3.591, 3.375, 16.917, 3.433, 38.749
2, 4, 15.371, 3.285, 3.483, 18.164, 3.409, 40.106
2, 5, 17.367, 3.314, 3.264, 20.385, 3.234, 44.381
2, 6, 19.897, 3.328, 3.248, 22.326, 3.392, 48.88
2, 7, 27.252, 3.236, 3.414, 29.53, 3.321, 63.254
2, 8, 25.428, 3.163, 4.445, 33.565, 3.357, 65.319
2, 9, 27.843, 3.202, 3.304, 31.972, 3.323, 66.218
2, 10, 30.343, 3.405, 3.371, 32.275, 3.317, 69.428
3, 1, 10.601, 3.121, 3.149, 13.917, 3.12, 30.761
3, 2, 13.361, 3.365, 3.331, 16.222, 3.297, 36.314
3, 3, 16.117, 3.246, 3.297, 18.66, 3.433, 41.27
3, 4, 17.098, 3.136, 3.288, 19.813, 3.189, 43.183
3, 5, 20.595, 3.085, 3.151, 23.892, 3.318, 50.656
3, 6, 22.323, 3.365, 3.701, 26.861, 3.397, 55.914
3, 7, 24.952, 3.19, 3.832, 30.288, 3.379, 61.62
3, 8, 28.059, 3.506, 3.402, 30.791, 3.53, 65.862
3, 9, 29.797, 3.57, 3.444, 32.047, 3.457, 68.984
3, 10, 32.881, 3.128, 3.375, 35.86, 3.416, 74.997
4, 1, 13.694, 3.224, 3.187, 16.837, 3.205, 36.979
4, 2, 17.664, 3.259, 3.549, 20.611, 3.542, 44.794
4, 3, 18.892, 3.239, 3.332, 22.632, 3.362, 48.003
4, 4, 20.009, 3.457, 3.282, 24.209, 3.221, 51.131
4, 5, 22.532, 3.435, 3.605, 25.098, 3.61, 54.5
4, 6, 23.775, 3.111, 3.174, 26.995, 3.221, 56.993
4, 7, 27.374, 3.056, 3.868, 32.849, 3.494, 66.335
4, 8, 29.481, 3.468, 3.413, 32.546, 3.329, 68.964
4, 9, 31.802, 3.653, 3.305, 34.199, 3.433, 73.307
4, 10, 33.223, 3.23, 3.269, 36.219, 3.178, 75.901
5, 1, 15.227, 3.103, 3.113, 18.196, 3.111, 39.628
5, 2, 17.788, 3.085, 3.127, 20.628, 3.171, 44.585
5, 3, 20.037, 3.068, 3.342, 23.141, 3.397, 49.314
5, 4, 22.968, 3.26, 3.418, 26.273, 3.146, 55.762
5, 5, 25.216, 3.152, 3.379, 27.778, 3.372, 59.297
5, 6, 26.147, 3.051, 3.163, 28.963, 3.128, 61.213
5, 7, 28.922, 3.048, 3.209, 32.491, 3.23, 67.509
5, 8, 30.798, 3.045, 3.201, 33.563, 3.208, 70.452
5, 9, 32.993, 3.091, 3.191, 35.216, 3.264, 74.392
5, 10, 35.504, 3.127, 3.311, 40.593, 3.464, 82.351
6, 1, 17.671, 3.085, 3.238, 20.665, 3.239, 44.507
6, 2, 19.472, 3.126, 3.165, 22.542, 3.099, 48.266
6, 3, 21.788, 3.054, 4.282, 25.156, 3.3, 53.052
6, 4, 24.752, 3.159, 3.251, 27.649, 3.218, 58.719
6, 5, 26.552, 3.164, 3.923, 34.217, 4.303, 67.097
6, 6, 31.173, 3.643, 3.276, 34.049, 3.289, 72.508
6, 7, 32.254, 3.298, 3.306, 34.875, 3.261, 73.725
6, 8, 34.458, 3.206, 3.306, 36.985, 3.246, 77.855
6, 9, 35.779, 3.197, 3.242, 38.634, 3.332, 80.806
6, 10, 39.158, 3.156, 3.315, 41.629, 3.376, 87.098
7, 1, 21.815, 3.291, 3.119, 24.259, 3.38, 52.657
7, 2, 22.812, 3.04, 3.122, 25.716, 3.129, 54.607
7, 3, 24.895, 3.28, 3.142, 27.391, 3.238, 58.847
7, 4, 27.313, 3.082, 3.312, 30.047, 3.112, 63.523
7, 5, 29.484, 3.114, 3.192, 33.146, 3.151, 68.857
7, 6, 30.675, 3.098, 3.215, 33.329, 3.191, 70.2
7, 7, 32.967, 3.065, 3.192, 36.211, 3.142, 75.309
7, 8, 38.103, 3.46, 3.416, 41.556, 3.35, 86.579
7, 9, 39.413, 3.18, 3.453, 41.2, 3.195, 86.973
7, 10, 39.99, 3.155, 3.251, 43.316, 3.169, 89.614
8, 1, 22.519, 3.071, 3.192, 25.472, 3.13, 54.133
8, 2, 24.123, 3.089, 3.421, 28.198, 3.498, 58.499
8, 3, 29.834, 3.285, 3.275, 33.31, 3.326, 69.713
8, 4, 32.887, 3.176, 3.43, 35.684, 3.411, 74.922
8, 5, 32.574, 3.702, 4.637, 37.342, 3.37, 77.32
8, 6, 35.54, 3.26, 3.338, 38.966, 3.476, 81.026
8, 7, 38.814, 3.374, 3.438, 42.26, 3.42, 87.822
8, 8, 43.017, 3.221, 3.347, 46.339, 3.228, 95.797
8, 9, 41.453, 3.279, 3.287, 43.946, 3.291, 91.957
8, 10, 44.228, 3.14, 3.238, 46.89, 3.362, 97.398
9, 1, 25.05, 3.225, 3.142, 28.138, 3.314, 59.638
9, 2, 27.429, 3.13, 3.234, 30.111, 3.181, 63.8
9, 3, 29.234, 3.227, 3.411, 32.315, 3.16, 68.002
9, 4, 32.889, 3.168, 3.179, 35.374, 3.292, 74.598
9, 5, 34.231, 3.169, 3.504, 38.217, 3.426, 78.785
9, 6, 38.075, 3.236, 3.426, 41.512, 3.373, 86.059
9, 7, 40.779, 3.202, 3.412, 42.984, 3.598, 90.167
9, 8, 41.897, 3.252, 3.349, 44.172, 3.216, 92.574
9, 9, 42.006, 3.053, 3.393, 46.543, 3.406, 94.656
9, 10, 48.313, 3.244, 3.394, 49.787, 3.496, 104.586
10, 1, 30.209, 3.463, 3.423, 33.435, 3.377, 70.57
10, 2, 31.301, 3.274, 3.311, 34.709, 3.451, 72.559
10, 3, 33.568, 3.198, 3.547, 36.59, 3.195, 76.554
10, 4, 35.223, 3.217, 3.39, 37.693, 3.195, 79.351
10, 5, 43.923, 3.431, 3.323, 46.508, 3.311, 97.292
10, 6, 39.525, 3.237, 3.385, 42.544, 3.262, 88.544
10, 7, 41.519, 3.222, 3.448, 46.261, 3.428, 94.224
10, 8, 48.138, 3.43, 3.515, 50.375, 3.55, 105.373
10, 9, 48.088, 3.162, 3.268, 49.755, 3.301, 104.167
10, 10, 52.223, 3.547, 3.316, 55.13, 3.24, 114.447
1, 1, 5.658, 3.197, 3.127, 9.003, 4.182, 21.055
1, 2, 8.232, 3.243, 3.292, 11.301, 3.361, 26.018
1, 3, 10.378, 3.232, 3.321, 13.484, 3.495, 30.325
1, 4, 13.081, 3.331, 3.324, 15.889, 3.461, 35.63
1, 5, 14.895, 3.211, 3.416, 17.852, 3.367, 39.17
1, 6, 17.603, 3.354, 3.414, 20.605, 3.335, 44.916
1, 7, 19.143, 3.199, 3.243, 22.763, 3.359, 48.303
1, 8, 22.616, 3.104, 3.312, 24.882, 3.271, 53.705
1, 9, 25.294, 3.075, 3.239, 27.475, 3.551, 58.919
1, 10, 25.516, 3.085, 3.366, 28.58, 3.232, 60.266
2, 1, 7.891, 3.053, 3.261, 10.816, 3.188, 24.813
2, 2, 10.358, 3.074, 3.977, 13.351, 3.165, 29.857
2, 3, 12.481, 3.161, 3.15, 15.382, 3.146, 34.186
2, 4, 14.386, 3.123, 3.19, 17.297, 3.155, 37.929
2, 5, 16.941, 3.093, 3.386, 19.909, 3.166, 43.037
2, 6, 19.128, 3.264, 3.281, 21.874, 3.151, 47.529
2, 7, 21.894, 3.271, 3.191, 25.589, 3.52, 54.024
2, 8, 25.163, 3.361, 3.268, 27.982, 3.344, 59.866
2, 9, 28.102, 3.316, 4.02, 31.54, 3.251, 66.273
2, 10, 29.505, 3.303, 3.297, 33.016, 3.434, 69.128
3, 1, 10.343, 3.205, 3.098, 13.876, 3.329, 30.63
3, 2, 13.03, 3.192, 3.526, 15.992, 3.226, 35.407
3, 3, 15.756, 3.419, 3.283, 18.542, 3.321, 41.136
3, 4, 17.537, 3.26, 3.402, 20.42, 3.29, 44.478
3, 5, 19.765, 3.103, 3.377, 22.085, 3.641, 48.055
3, 6, 24.824, 3.169, 3.344, 26.269, 3.24, 57.431
3, 7, 25.374, 3.31, 3.251, 27.431, 3.164, 59.426
3, 8, 28.057, 3.288, 3.681, 30.145, 3.305, 64.779
3, 9, 30.472, 3.311, 3.399, 32.726, 3.488, 69.819
3, 10, 32.813, 3.288, 3.501, 35.436, 3.434, 74.825
4, 1, 13.146, 3.161, 4.027, 16.927, 3.271, 36.394
4, 2, 16.034, 3.385, 3.709, 19.125, 3.444, 41.929
4, 3, 18.367, 3.332, 3.55, 21.378, 3.262, 46.409
4, 4, 21.539, 3.192, 3.356, 24.308, 3.385, 52.23
4, 5, 22.94, 3.217, 3.446, 25.348, 3.452, 54.722
4, 6, 24.367, 3.187, 3.182, 26.903, 3.177, 57.644
4, 7, 25.989, 3.084, 5.33, 32.277, 3.448, 64.435
4, 8, 29.367, 3.214, 3.263, 32.028, 3.291, 67.823
4, 9, 31.83, 3.219, 3.214, 34.452, 3.264, 72.72
4, 10, 33.373, 3.157, 3.283, 36.437, 3.201, 76.123
5, 1, 15.275, 3.2, 3.236, 18.183, 3.255, 39.858
5, 2, 18.04, 3.326, 3.378, 21.322, 3.515, 46.013
5, 3, 19.81, 3.088, 3.271, 22.445, 3.207, 48.43
5, 4, 21.407, 3.063, 3.14, 24.284, 3.121, 51.819
5, 5, 24.16, 3.201, 3.343, 27.528, 3.303, 58.09
5, 6, 26.048, 3.079, 3.146, 33.668, 3.386, 65.875
5, 7, 30.048, 3.271, 3.45, 33.225, 3.354, 69.814
5, 8, 33.83, 3.219, 3.319, 35.394, 3.376, 75.661
5, 9, 34.853, 3.42, 4.13, 37.675, 3.339, 79.367
5, 10, 39.186, 3.235, 3.242, 38.515, 3.254, 84.17
6, 1, 18.36, 3.175, 3.103, 21.31, 3.334, 46.021
6, 2, 20.508, 3.15, 3.293, 23.429, 3.192, 50.237
6, 3, 22.008, 3.182, 3.192, 25.262, 3.165, 53.633
6, 4, 24.894, 3.249, 3.142, 27.548, 3.144, 58.94
6, 5, 30.068, 3.675, 3.268, 31.022, 3.184, 68.44
6, 6, 29.889, 3.154, 3.337, 35.586, 3.947, 71.783
6, 7, 36.737, 3.466, 3.365, 40.069, 3.339, 83.738
6, 8, 35.052, 3.278, 3.459, 37.781, 3.288, 79.389
6, 9, 38.531, 3.195, 3.264, 40.424, 3.407, 85.346
6, 10, 40.277, 3.177, 3.23, 41.084, 3.253, 87.715
7, 1, 20.759, 3.084, 3.146, 23.897, 3.116, 50.823
7, 2, 22.222, 3.111, 3.204, 25.24, 3.107, 53.683
7, 3, 24.32, 3.085, 3.329, 26.982, 3.242, 57.472
7, 4, 27.505, 3.236, 3.213, 30.599, 3.206, 64.577
7, 5, 29.019, 3.077, 3.471, 31.673, 3.143, 66.846
7, 6, 30.586, 3.042, 3.168, 33.66, 3.202, 70.329
7, 7, 33.161, 3.088, 3.192, 35.911, 3.134, 75.247
7, 8, 38.918, 3.101, 3.384, 41.883, 3.714, 87.002
7, 9, 40.683, 3.481, 3.39, 46.004, 3.457, 93.649
7, 10, 42.737, 3.117, 3.371, 45.812, 3.41, 94.784
8, 1, 23.021, 3.213, 3.183, 25.93, 3.096, 55.377
8, 2, 24.9, 3.176, 3.327, 27.732, 3.174, 58.984
8, 3, 26.927, 3.068, 3.179, 29.678, 3.189, 62.741
8, 4, 28.975, 3.07, 3.182, 31.96, 3.206, 67.074
8, 5, 43.05, 3.073, 4.399, 35.947, 3.292, 85.144
8, 6, 34.074, 3.203, 3.228, 36.656, 3.258, 77.135
8, 7, 37.341, 3.14, 3.24, 41.487, 3.317, 85.108
8, 8, 38.906, 3.176, 3.231, 41.793, 3.178, 87.052
8, 9, 41.411, 3.222, 3.329, 43.91, 3.277, 91.765
8, 10, 43.697, 3.214, 3.284, 47.262, 3.423, 97.387
9, 1, 25.4, 3.243, 3.397, 28.438, 3.349, 60.325
9, 2, 27.261, 3.233, 3.348, 30.343, 3.454, 64.07
9, 3, 28.869, 3.075, 3.254, 32.147, 3.158, 67.166
9, 4, 31.698, 3.13, 3.146, 34.861, 3.188, 72.82
9, 5, 34.1, 3.137, 3.227, 37.302, 3.303, 77.676
9, 6, 36.491, 3.07, 3.183, 39.426, 3.75, 82.057
9, 7, 40.227, 3.172, 3.385, 43.731, 3.269, 90.303
9, 8, 42.339, 3.149, 3.276, 45.921, 3.253, 94.559
9, 9, 42.954, 3.138, 3.628, 46.544, 3.204, 95.774
9, 10, 55.357, 3.496, 3.271, 56.769, 3.151, 119.119
10, 1, 26.967, 3.068, 3.358, 29.861, 3.108, 62.963
10, 2, 29.866, 3.166, 3.121, 32.735, 3.14, 68.933
10, 3, 32.397, 3.115, 3.144, 34.525, 3.297, 73.152
10, 4, 37.721, 3.493, 3.498, 40.833, 3.583, 85.54
10, 5, 38.481, 3.182, 3.396, 41.677, 3.481, 86.522
10, 6, 40.229, 3.299, 3.373, 43.323, 3.25, 90.15
10, 7, 42.263, 3.234, 3.458, 45.214, 3.4, 93.945
10, 8, 44.68, 3.206, 3.218, 48.484, 3.488, 99.575
10, 9, 47.422, 3.255, 3.726, 49.164, 3.367, 103.095
10, 10, 50.023, 3.272, 3.468, 54.294, 3.284, 110.861
1, 1, 6.115, 3.739, 3.278, 9.108, 3.386, 22.702
1, 2, 7.929, 3.722, 3.433, 11.542, 3.614, 26.916
1, 3, 10.645, 3.391, 3.571, 14.736, 3.463, 32.163
1, 4, 14.312, 3.402, 3.417, 15.778, 3.296, 36.894
1, 5, 15.054, 3.22, 3.457, 18.045, 3.436, 39.54
1, 6, 17.496, 3.233, 3.358, 20.43, 3.382, 44.393
1, 7, 19.726, 3.246, 3.311, 22.141, 3.313, 48.358
1, 8, 21.613, 3.125, 3.273, 24.687, 3.311, 52.55
1, 9, 23.503, 3.219, 3.272, 27.174, 3.243, 57.116
1, 10, 26.303, 3.065, 3.183, 28.848, 3.28, 61.281
2, 1, 8.764, 3.347, 3.202, 12.042, 3.352, 27.501
2, 2, 11.483, 3.433, 3.308, 14.836, 3.499, 33.186
2, 3, 13.582, 3.256, 3.383, 16.505, 3.365, 36.599
2, 4, 16.624, 3.272, 3.344, 19.017, 3.539, 42.185
2, 5, 17.664, 3.224, 3.271, 20.583, 3.326, 44.695
2, 6, 21.454, 3.106, 3.288, 23.086, 3.232, 50.751
2, 7, 22.31, 3.297, 3.288, 25.487, 3.387, 54.39
2, 8, 24.913, 3.188, 3.37, 27.154, 3.183, 58.443
2, 9, 26.09, 3.138, 3.165, 28.598, 3.176, 60.965
2, 10, 28.739, 3.152, 3.241, 30.435, 3.138, 65.477
3, 1, 10.307, 3.143, 3.248, 13.384, 3.31, 29.977
3, 2, 12.733, 3.163, 3.218, 16.064, 3.282, 35.122
3, 3, 15.716, 3.191, 3.459, 19.118, 3.582, 41.217
3, 4, 19.128, 3.421, 3.468, 21.321, 3.156, 47.291
3, 5, 19.912, 3.613, 3.398, 23.462, 3.294, 50.599
3, 6, 22.666, 3.209, 3.343, 26.337, 3.59, 55.42
3, 7, 27.11, 3.458, 3.453, 28.669, 3.336, 62.696
3, 8, 28.071, 3.22, 3.369, 30.211, 3.336, 64.723
3, 9, 29.354, 3.289, 3.538, 33.179, 3.309, 69.11
3, 10, 31.485, 3.307, 3.54, 35.894, 3.487, 73.993
4, 1, 12.688, 3.097, 3.26, 16.03, 3.239, 34.911
4, 2, 15.046, 3.104, 3.199, 17.967, 3.28, 39.222
4, 3, 17.171, 3.182, 3.21, 20.244, 3.21, 43.779
4, 4, 21.099, 3.414, 3.167, 22.921, 3.192, 50.847
4, 5, 23.403, 3.366, 3.407, 25.583, 3.321, 55.719
4, 6, 25.282, 3.274, 3.422, 28.732, 3.538, 60.562
4, 7, 27.423, 3.304, 3.463, 30.206, 3.291, 64.238
4, 8, 29.297, 3.245, 3.245, 31.424, 3.207, 67.211
4, 9, 30.389, 3.072, 3.374, 32.984, 3.176, 69.516
4, 10, 32.978, 3.214, 3.148, 35.803, 3.187, 75.209
5, 1, 16.155, 3.349, 3.217, 19.389, 3.29, 42.241
5, 2, 17.273, 3.166, 3.259, 20.052, 3.326, 43.657
5, 3, 19.622, 3.075, 3.328, 22.736, 3.18, 48.508
5, 4, 21.867, 3.115, 3.203, 24.631, 3.121, 52.728
5, 5, 24.44, 3.205, 3.426, 27.117, 3.254, 57.967
5, 6, 26.337, 3.08, 3.155, 29.331, 3.318, 61.828
5, 7, 28.077, 3.077, 3.191, 33.039, 3.355, 67.27
5, 8, 33.253, 3.317, 3.252, 34.283, 3.206, 74.169
5, 9, 33.362, 3.142, 3.603, 37.527, 3.392, 77.174
5, 10, 37.164, 3.281, 3.402, 40.662, 3.27, 84.389
6, 1, 18.493, 3.467, 3.365, 21.843, 3.175, 47.27
6, 2, 19.612, 3.231, 3.287, 23.291, 3.518, 49.364
6, 3, 23.212, 3.217, 3.349, 26.135, 3.221, 55.78
6, 4, 25.046, 3.288, 3.141, 27.621, 3.215, 59.244
6, 5, 25.962, 3.083, 3.148, 29.013, 3.167, 61.142
6, 6, 28.808, 3.088, 3.163, 31.635, 3.2, 66.62
6, 7, 30.683, 3.212, 3.148, 34.565, 3.258, 71.673
6, 8, 33.382, 3.258, 3.355, 36.11, 3.166, 76.008
6, 9, 35.456, 3.039, 3.324, 39.699, 3.385, 81.233
6, 10, 39.663, 3.331, 3.221, 41.593, 3.257, 87.919
7, 1, 20.593, 3.24, 3.14, 23.62, 3.161, 50.694
7, 2, 22.908, 3.092, 3.133, 25.733, 3.184, 54.824
7, 3, 23.775, 3.091, 3.1, 26.631, 3.122, 56.588
7, 4, 26.317, 3.077, 3.135, 29.385, 3.302, 61.857
7, 5, 29.125, 3.107, 3.32, 32.241, 3.256, 67.58
7, 6, 31.091, 3.204, 3.186, 34.029, 3.182, 71.528
7, 7, 33.408, 3.132, 3.199, 38.637, 3.358, 78.308
7, 8, 37.554, 3.276, 3.456, 39.348, 3.328, 83.455
7, 9, 38.549, 3.094, 3.304, 41.216, 3.146, 85.953
7, 10, 39.924, 3.204, 3.174, 43.195, 3.283, 89.527
8, 1, 22.621, 3.174, 3.085, 25.639, 3.085, 54.607
8, 2, 24.789, 3.174, 3.125, 27.346, 3.116, 58.483
8, 3, 27.305, 3.119, 3.228, 29.527, 3.096, 63.069
8, 4, 29.619, 3.111, 3.14, 32.285, 3.214, 68.126
8, 5, 31.485, 3.14, 3.237, 34.573, 3.124, 72.337
8, 6, 33.522, 3.118, 3.133, 36.112, 3.126, 75.87
8, 7, 35.025, 3.048, 3.136, 37.734, 3.118, 78.855
8, 8, 37.712, 3.079, 3.127, 40.281, 3.156, 84.149
8, 9, 39.789, 3.066, 3.154, 42.476, 3.189, 88.397
8, 10, 41.832, 3.039, 3.185, 44.38, 3.144, 92.29
9, 1, 24.065, 3.076, 3.091, 27.008, 3.105, 57.226
9, 2, 26.367, 3.105, 3.139, 29.353, 3.154, 61.929
9, 3, 30.302, 3.306, 3.873, 33.705, 3.298, 70.621
9, 4, 33.957, 3.207, 3.271, 37.302, 3.263, 77.672
9, 5, 36.218, 3.33, 3.426, 39.164, 3.344, 82.042
9, 6, 37.892, 3.304, 3.479, 41.139, 3.45, 85.639
9, 7, 41.402, 3.414, 3.324, 43.385, 3.427, 91.614
9, 8, 44.294, 3.445, 3.473, 48.139, 3.524, 99.323
9, 9, 46.716, 3.463, 3.439, 48.429, 3.696, 102.071
9, 10, 47.458, 3.257, 3.346, 49.547, 3.36, 103.52
10, 1, 28.239, 3.218, 3.368, 31.693, 3.303, 66.369
10, 2, 30.578, 3.135, 3.21, 33.168, 3.198, 70.015
10, 3, 32.729, 3.147, 3.267, 35.808, 3.201, 74.832
10, 4, 34.967, 3.184, 3.313, 37.965, 3.508, 79.3
10, 5, 37.217, 3.264, 3.26, 40.474, 3.272, 84.22
10, 6, 41.647, 3.271, 3.507, 44.013, 3.244, 92.202
10, 7, 43.245, 3.327, 3.347, 45.306, 3.286, 95.205
10, 8, 44.113, 3.191, 3.251, 46.65, 3.318, 97.146
10, 9, 48.052, 3.201, 3.498, 51.803, 3.292, 106.258
10, 10, 46.863, 3.146, 3.227, 49.575, 3.434, 102.731
1, 1, 6.174, 3.639, 3.37, 9.149, 3.23, 22.6
1, 2, 8.035, 3.068, 3.287, 10.795, 3.805, 24.967
1, 3, 11.099, 3.147, 3.903, 13.991, 3.269, 31.384
1, 4, 12.34, 3.066, 3.313, 15.119, 3.422, 33.591
1, 5, 14.302, 3.192, 3.251, 17.572, 3.397, 38.258
1, 6, 17.571, 3.245, 3.454, 21.632, 3.519, 45.693
1, 7, 20.224, 3.385, 3.158, 22.754, 3.36, 49.748
1, 8, 22.325, 3.544, 3.296, 24.714, 3.162, 54.128
1, 9, 23.248, 3.121, 3.12, 25.884, 3.19, 55.375
1, 10, 26.741, 3.258, 3.617, 28.838, 3.194, 62.095
2, 1, 8.016, 3.161, 3.109, 11.309, 4.316, 25.647
2, 2, 11.146, 3.376, 3.478, 14.852, 3.974, 32.749
2, 3, 13.408, 3.284, 3.362, 16.604, 3.392, 36.58
2, 4, 15.164, 3.351, 3.408, 18.28, 3.386, 40.147
2, 5, 19.516, 3.6, 3.371, 21.571, 3.366, 48.288
2, 6, 20.539, 3.432, 3.441, 23.33, 3.401, 50.732
2, 7, 24.457, 3.741, 3.899, 25.767, 3.242, 57.706
2, 8, 24.993, 3.289, 3.37, 27.4, 3.343, 58.97
2, 9, 27.148, 3.417, 3.371, 30.857, 3.441, 64.839
2, 10, 27.768, 3.074, 3.151, 30.181, 3.179, 64.098
3, 1, 10.909, 3.235, 3.293, 13.677, 3.427, 31.055
3, 2, 13.164, 3.175, 3.272, 15.957, 3.358, 35.47
3, 3, 15.218, 3.38, 3.405, 19.032, 3.333, 41.01
3, 4, 17.037, 3.242, 3.271, 20.601, 3.175, 44.121
3, 5, 19.658, 3.272, 3.32, 22.552, 3.288, 48.753
3, 6, 23.253, 3.5, 3.24, 25.153, 3.291, 55.405
3, 7, 26.799, 3.379, 3.283, 27.504, 3.227, 61.06
3, 8, 25.544, 3.102, 3.155, 28.267, 3.142, 60.014
3, 9, 28.037, 3.059, 3.309, 32.228, 3.408, 66.384
3, 10, 30.802, 3.117, 3.218, 35.849, 3.423, 72.885
4, 1, 13.482, 3.187, 3.294, 16.609, 3.226, 36.465
4, 2, 15.931, 3.327, 3.555, 18.904, 3.414, 41.489
4, 3, 18.62, 3.279, 3.404, 21.783, 3.513, 46.96
4, 4, 21.301, 3.469, 3.297, 24.412, 3.274, 52.651
4, 5, 22.594, 3.329, 3.941, 25.748, 3.383, 54.999
4, 6, 25.814, 3.348, 3.41, 28.825, 3.433, 61.335
4, 7, 27.682, 3.306, 3.479, 41.777, 6.652, 76.072
4, 8, 29.723, 3.165, 3.438, 32.727, 3.366, 68.78
4, 9, 31.643, 3.14, 3.347, 34.942, 3.286, 72.865
4, 10, 35.035, 3.286, 3.445, 39.445, 3.676, 81.053
5, 1, 16.106, 3.297, 3.242, 19.341, 3.168, 42.041
5, 2, 17.852, 3.247, 3.515, 20.649, 3.429, 44.994
5, 3, 20.142, 3.258, 3.27, 22.745, 3.41, 49.403
5, 4, 22.159, 3.29, 3.224, 26.131, 3.601, 54.87
5, 5, 25.331, 3.242, 3.254, 30.927, 4.06, 62.742
5, 6, 29.305, 3.346, 3.402, 32.03, 3.294, 68.026
5, 7, 28.79, 3.197, 3.334, 32.201, 3.633, 67.385
5, 8, 31.912, 3.18, 3.199, 33.874, 3.304, 72.147
5, 9, 35.243, 3.052, 3.446, 38.328, 3.392, 79.675
5, 10, 37.105, 3.339, 3.179, 39.164, 3.173, 82.947
6, 1, 17.335, 3.05, 3.106, 20.196, 3.207, 43.631
6, 2, 19.683, 3.112, 3.239, 22.865, 3.241, 48.772
6, 3, 23.078, 3.212, 3.287, 26.314, 3.22, 55.816
6, 4, 24.724, 3.108, 3.157, 27.566, 3.319, 58.508
6, 5, 26.934, 3.175, 3.967, 37.957, 5.902, 71.242
6, 6, 29.539, 3.217, 3.34, 32.685, 3.346, 68.657
6, 7, 31.902, 3.21, 3.303, 35.518, 3.302, 73.839
6, 8, 34.243, 3.323, 3.28, 36.736, 3.305, 77.625
6, 9, 37.684, 3.411, 3.252, 40.63, 3.273, 85.136
6, 10, 38.739, 3.119, 3.259, 40.592, 3.175, 85.568
7, 1, 19.411, 3.054, 3.105, 22.364, 3.099, 47.884
7, 2, 22.543, 3.158, 3.214, 25.368, 3.229, 54.227
7, 3, 24.765, 3.157, 3.24, 27.643, 3.19, 58.721
7, 4, 26.749, 3.184, 3.229, 30.751, 3.542, 63.868
7, 5, 30.809, 3.44, 3.338, 33.492, 3.817, 71.181
7, 6, 32.357, 3.261, 3.296, 35.572, 3.606, 74.451
7, 7, 34.343, 3.202, 3.199, 37.264, 3.502, 78.011
7, 8, 35.067, 3.105, 3.424, 39.1, 3.386, 80.376
7, 9, 37.206, 3.063, 3.12, 40.002, 3.245, 83.334
7, 10, 39.487, 3.05, 3.232, 42.009, 3.173, 87.595
8, 1, 21.78, 3.05, 3.143, 24.805, 3.147, 52.686
8, 2, 23.891, 3.062, 3.104, 26.842, 3.08, 56.856
8, 3, 26.463, 3.054, 3.131, 29.134, 3.13, 61.706
8, 4, 28.253, 3.04, 3.2, 31.128, 3.115, 65.461
8, 5, 30.704, 3.048, 3.126, 33.653, 3.124, 70.452
8, 6, 34.36, 3.191, 3.242, 36.977, 3.136, 77.718
8, 7, 35.223, 3.047, 3.194, 37.982, 3.109, 79.3
8, 8, 37.263, 3.087, 3.133, 39.941, 3.136, 83.379
8, 9, 39.218, 3.065, 3.143, 42.062, 3.149, 87.409
8, 10, 41.636, 3.063, 3.159, 44.371, 3.139, 92.133
9, 1, 24.106, 3.048, 3.092, 26.994, 3.114, 57.196
9, 2, 26.266, 3.039, 3.113, 29.136, 3.157, 61.48
9, 3, 30.649, 3.237, 3.289, 33.912, 3.325, 71.034
9, 4, 32.333, 3.189, 3.236, 35.768, 3.376, 74.478
9, 5, 35.32, 3.273, 3.451, 38.42, 3.33, 80.286
9, 6, 37.754, 3.228, 3.362, 41.796, 3.596, 86.005
9, 7, 41.793, 3.218, 3.45, 43.851, 3.16, 92.08
9, 8, 41.552, 3.11, 3.146, 44.109, 3.261, 91.88
9, 9, 42.722, 3.074, 3.206, 46.966, 3.482, 95.836
9, 10, 44.179, 3.049, 3.117, 46.637, 3.135, 96.915
10, 1, 26.754, 3.099, 3.138, 29.656, 3.09, 62.607
10, 2, 28.865, 3.084, 3.117, 31.809, 3.135, 66.842
10, 3, 33.807, 3.171, 3.298, 36.671, 3.256, 76.821
10, 4, 34.54, 3.131, 3.26, 37.457, 3.17, 78.26
10, 5, 35.788, 3.068, 3.536, 39.353, 3.136, 81.276
10, 6, 37.673, 3.077, 3.153, 40.485, 3.135, 84.311
10, 7, 40.064, 3.049, 3.149, 42.731, 3.126, 88.893
10, 8, 42.182, 3.045, 3.167, 44.869, 3.156, 93.141
10, 9, 44.109, 3.044, 3.154, 46.784, 3.158, 96.98
10, 10, 46.011, 3.035, 3.122, 48.375, 3.128, 100.456
1, 1, 5.373, 3.043, 3.21, 8.249, 3.122, 19.708
1, 2, 7.695, 2.989, 3.119, 10.401, 3.059, 24.074
1, 3, 9.719, 3.033, 3.137, 12.316, 3.073, 28.1
1, 4, 12.341, 3.06, 3.321, 16.969, 3.725, 35.43
1, 5, 16.189, 3.425, 3.577, 19.223, 3.585, 42.262
1, 6, 18.498, 3.233, 3.458, 21.543, 3.388, 46.507
1, 7, 19.684, 3.511, 3.522, 24.471, 3.483, 51.178
1, 8, 22.873, 3.202, 3.312, 26.105, 3.646, 55.382
1, 9, 24.66, 3.505, 3.456, 27.682, 3.394, 59.352
1, 10, 28.42, 3.356, 3.636, 29.637, 3.511, 64.77
2, 1, 8.236, 3.295, 3.461, 11.604, 3.26, 26.429
2, 2, 11.474, 3.264, 3.254, 14.508, 3.874, 32.509
2, 3, 14.985, 3.403, 3.65, 16.643, 3.682, 38.434
2, 4, 17.028, 3.323, 3.425, 19.857, 3.624, 43.531
2, 5, 18.758, 3.548, 3.547, 21.174, 3.416, 47.028
2, 6, 20.691, 3.307, 3.361, 23.759, 3.431, 51.065
2, 7, 22.681, 3.21, 3.397, 25.463, 3.332, 54.563
2, 8, 24.66, 3.408, 3.404, 27.616, 3.281, 59.091
2, 9, 27.897, 3.422, 3.371, 30.683, 3.463, 65.424
2, 10, 27.562, 3.159, 3.137, 30.593, 3.148, 64.473
3, 1, 10.191, 3.05, 3.103, 13.079, 3.118, 29.369
3, 2, 12.339, 3.061, 3.16, 15.154, 3.155, 33.616
3, 3, 14.596, 3.059, 3.154, 17.329, 3.125, 38.043
3, 4, 16.651, 3.093, 3.097, 19.745, 3.191, 42.582
3, 5, 20.1, 3.208, 3.413, 23.419, 3.422, 49.935
3, 6, 22.596, 3.325, 3.371, 25.608, 3.52, 54.855
3, 7, 26.351, 3.325, 3.557, 28.286, 3.37, 61.287
3, 8, 28.088, 3.298, 3.557, 30.151, 3.142, 64.837
3, 9, 28.114, 3.12, 3.162, 31.74, 3.212, 66.095
3, 10, 30.776, 3.278, 3.296, 35.342, 3.768, 72.674
4, 1, 14.455, 3.506, 3.565, 16.293, 3.351, 37.761
4, 2, 16.033, 3.258, 3.372, 19.603, 3.53, 42.153
4, 3, 17.794, 3.436, 3.279, 20.621, 3.47, 45.287
4, 4, 20.184, 3.305, 3.373, 23.198, 3.327, 49.991
4, 5, 23.291, 3.35, 3.335, 26.211, 3.39, 56.201
4, 6, 24.44, 3.195, 3.443, 27.886, 3.329, 58.717
4, 7, 27.095, 3.179, 3.245, 28.945, 3.152, 62.398
4, 8, 27.913, 3.078, 3.234, 30.967, 3.122, 65.037
4, 9, 30.509, 3.065, 3.172, 33.16, 3.144, 69.799
4, 10, 32.645, 3.061, 3.158, 35.249, 3.175, 74.016
5, 1, 15.045, 3.041, 3.146, 17.993, 3.09, 39.12
5, 2, 17.073, 3.046, 3.337, 20.015, 3.13, 43.181
5, 3, 19.386, 3.057, 3.134, 22.189, 3.159, 47.689
5, 4, 21.461, 3.04, 3.14, 24.34, 3.144, 51.882
5, 5, 23.661, 3.053, 3.118, 26.354, 3.156, 56.121
5, 6, 27.85, 3.414, 3.581, 30.652, 3.25, 65.33
5, 7, 31.014, 3.421, 3.386, 34.11, 3.612, 71.966
5, 8, 32.836, 3.378, 3.436, 36.95, 3.593, 76.542
5, 9, 35.701, 3.348, 3.475, 36.541, 3.287, 78.938
5, 10, 34.725, 3.065, 3.136, 37.522, 3.119, 78.378
6, 1, 17.099, 3.048, 3.083, 20.025, 3.229, 43.22
6, 2, 20.211, 3.197, 3.182, 23.277, 3.093, 49.882
6, 3, 21.823, 3.179, 3.115, 25.08, 3.119, 53.261
6, 4, 23.818, 3.057, 3.162, 26.713, 3.114, 56.644
6, 5, 25.911, 3.068, 3.123, 28.721, 3.154, 60.768
6, 6, 29.154, 3.153, 3.187, 31.293, 3.169, 66.753
6, 7, 30.597, 3.052, 3.156, 33.522, 3.115, 70.224
6, 8, 32.785, 3.055, 3.15, 35.496, 3.172, 74.392
6, 9, 34.925, 3.084, 3.193, 38.553, 3.23, 79.645
6, 10, 39.355, 3.148, 3.331, 41.36, 3.245, 87.012
7, 1, 19.824, 3.118, 3.14, 22.766, 3.121, 48.826
7, 2, 22.109, 3.065, 3.122, 25.244, 3.369, 53.483
7, 3, 24.511, 3.045, 3.169, 27.204, 3.355, 57.805
7, 4, 27.181, 3.117, 3.258, 30.136, 3.233, 63.551
7, 5, 29.165, 3.095, 3.277, 31.607, 3.26, 66.961
7, 6, 31.711, 3.166, 3.282, 34.303, 3.327, 72.346
7, 7, 34.129, 3.058, 3.163, 35.718, 3.156, 75.963
7, 8, 35.45, 3.075, 3.303, 38.054, 3.204, 79.655
7, 9, 37.586, 3.116, 3.269, 40.891, 3.195, 84.709
7, 10, 40.736, 3.084, 3.18, 42.926, 3.232, 89.829
8, 1, 22.348, 3.069, 3.232, 25.116, 3.143, 53.603
8, 2, 24.358, 3.088, 3.232, 27.532, 3.26, 58.066
8, 3, 26.378, 3.102, 3.2, 29.242, 3.271, 61.825
8, 4, 28.839, 3.075, 3.186, 31.725, 3.12, 66.714
8, 5, 30.758, 3.059, 3.15, 33.689, 3.189, 70.565
8, 6, 33.778, 3.233, 3.219, 36.641, 3.177, 76.885
8, 7, 35.216, 3.044, 3.161, 37.88, 3.134, 79.184
8, 8, 37.442, 3.031, 3.16, 40.045, 3.146, 83.55
8, 9, 39.618, 3.049, 3.153, 42.0, 3.141, 87.715
8, 10, 41.462, 3.034, 3.105, 44.053, 3.13, 91.583
9, 1, 23.844, 2.973, 3.175, 26.841, 3.161, 56.631
9, 2, 26.143, 3.006, 3.027, 29.17, 3.105, 61.326
9, 3, 27.531, 2.924, 2.965, 30.411, 2.967, 63.791
9, 4, 30.154, 2.908, 3.14, 32.361, 3.072, 68.332
9, 5, 31.146, 2.83, 3.008, 33.473, 2.98, 70.279
9, 6, 33.519, 2.85, 3.031, 35.948, 3.023, 75.167
9, 7, 35.502, 2.842, 3.024, 38.177, 3.028, 79.362
9, 8, 44.838, 3.156, 3.361, 46.658, 3.402, 97.809
9, 9, 43.477, 3.118, 3.189, 45.928, 3.364, 95.64
9, 10, 46.464, 3.136, 3.209, 49.482, 3.167, 102.219
10, 1, 27.705, 3.104, 3.164, 30.653, 3.256, 64.565
10, 2, 29.674, 3.066, 3.119, 32.749, 3.538, 68.556
10, 3, 31.525, 3.092, 3.14, 34.828, 3.143, 72.538
10, 4, 34.093, 3.068, 3.168, 36.505, 3.133, 76.734
10, 5, 35.866, 3.127, 3.192, 38.249, 3.297, 80.368
10, 6, 39.155, 3.118, 3.192, 41.404, 3.171, 86.796
10, 7, 40.97, 3.094, 3.24, 43.705, 3.186, 90.862
10, 8, 42.639, 3.142, 3.329, 45.795, 3.224, 94.719
10, 9, 44.586, 3.096, 3.191, 47.675, 3.152, 98.454
10, 10, 47.01, 3.032, 3.149, 49.794, 3.178, 102.868
