n,m,PUB:P,PUB:EV,PUB:MS,RET:P,RET:EV,RET:MS,Total
3,3,10.213,5.304,4.833,10.697,4.776,5.113,40.97284842282534
3,3,7.294,5.596,5.497,11.109,5.419,4.735,39.64140048871438
3,3,7.18,4.783,4.786,10.94,4.797,4.76,37.25080580140153
3,3,7.345,4.818,4.786,11.214,4.824,4.789,37.780749766776964
3,3,7.426,4.847,4.779,11.131,4.856,4.776,37.82420589899023
3,3,7.491,4.863,4.807,11.276,4.882,4.756,38.08075996736685
3,3,7.686,4.847,5.063,11.255,4.895,4.739,38.48868825783332
3,3,7.663,4.884,4.8,11.565,4.905,4.748,38.56731268266837
3,3,9.459,4.907,4.834,10.868,5.049,4.899,40.05328519269824
3,3,8.875,5.251,5.116,10.96,4.788,4.778,39.77091719085971
3,3,7.304,4.824,5.069,10.979,4.823,4.804,37.806705882151924
3,3,7.398,4.875,4.775,11.063,4.824,4.788,37.7271765222152
3,3,7.685,4.821,4.782,11.215,5.384,4.773,38.66681130602956
3,3,7.462,4.86,4.808,11.899,5.191,5.704,39.93087805186708
3,3,7.819,4.862,4.833,11.433,4.888,4.78,38.61560315514604
3,3,7.639,4.844,5.034,11.381,4.88,4.787,38.557096384465694
3,3,12.064,4.82,4.82,10.885,4.793,5.045,42.46226868902643
3,3,7.173,4.786,5.396,12.077,4.952,4.886,39.278397491822645
3,3,7.279,4.949,4.885,10.997,4.916,4.81,37.844637874513865
3,3,7.321,4.881,4.827,11.099,4.9,4.821,37.859910167753696
3,3,7.415,4.876,4.797,11.274,4.892,4.81,38.07271799693505
3,3,7.516,4.941,4.847,11.283,4.957,4.85,38.398828978339836
3,3,7.755,4.925,5.06,11.576,4.941,4.837,39.10264760876695
3,3,7.867,4.946,4.802,11.482,4.909,4.763,38.771584940453366
3,3,11.974,4.886,4.766,10.838,4.768,5.073,42.344680676857635
3,3,7.438,4.78,6.246,11.758,4.969,4.796,39.99590252836545
3,3,7.183,4.811,4.849,10.98,4.966,4.775,37.568965305884674
3,3,7.289,4.849,4.781,11.93,4.832,4.734,38.419185051073626
3,3,9.068,5.71,5.972,13.913,5.919,5.552,46.13755317404866
3,3,8.609,6.234,5.684,12.115,4.876,5.057,42.57939585174124
3,3,9.221,4.855,4.86,11.968,4.947,4.832,40.67918114985029
3,3,7.647,4.887,4.93,11.554,4.918,4.749,38.69037081797918
3,3,12.143,4.895,4.953,11.234,4.875,5.147,43.283950847884014
3,3,7.922,4.894,5.215,12.314,5.056,4.822,40.2179965749383
3,3,7.302,4.917,5.118,11.219,4.912,4.822,38.29491091892123
3,3,7.399,4.916,4.875,11.218,4.906,4.863,38.179480781157814
3,3,7.456,4.95,4.865,11.462,4.933,4.865,38.54875545948744
3,3,7.672,4.918,4.86,11.703,4.934,4.83,38.922094739973545
3,3,8.243,4.937,4.798,11.415,4.889,4.733,39.01931534831722
3,3,7.747,4.882,4.828,11.489,4.899,4.711,38.561619352549314
3,3,12.07,4.819,4.799,11.139,4.811,5.49,43.157754155496754
3,3,7.47,4.812,5.338,12.854,5.234,4.757,40.466835567106806
3,3,7.24,4.833,4.837,11.069,4.828,4.764,37.57731011137366
3,3,7.273,4.829,4.793,11.107,4.851,4.787,37.64587454497814
3,3,7.339,4.863,4.77,11.211,4.888,4.78,37.854967173188925
3,3,7.477,4.843,4.789,11.238,4.888,4.77,37.996571666250624
3,3,7.641,4.85,4.996,11.314,4.87,4.743,38.402699710180364
3,3,7.625,4.916,4.828,11.525,4.934,4.739,38.582624246676765
3,3,11.951,4.793,4.831,10.859,4.741,4.922,42.13109441722433
3,3,7.316,4.739,5.931,12.046,4.81,4.782,39.62519407893221
3,3,7.219,5.008,4.774,11.058,4.843,4.73,37.642743128041424
3,3,7.268,4.816,4.762,10.957,4.833,4.779,37.41764494528373
3,3,7.42,4.853,4.844,11.29,4.887,4.812,38.10467291623354
3,3,7.418,4.903,4.839,11.253,4.886,4.746,38.04571290190022
3,3,7.594,4.884,5.202,11.422,4.904,4.765,38.78278269742926
3,3,7.722,4.951,5.02,11.514,4.916,4.769,38.895301831265286
3,3,11.758,4.848,4.842,10.855,4.818,4.999,42.15397980685036
3,3,7.907,4.864,5.139,12.697,4.867,4.791,40.26955071215828
3,3,7.5,4.835,5.914,13.325,6.017,5.777,43.37360647817452
3,3,10.146,6.007,5.127,11.118,4.863,4.784,42.05751046538353
3,3,7.406,4.855,4.82,11.207,4.895,4.789,37.978584722926215
3,3,7.532,4.879,4.835,11.331,4.898,4.825,38.30398277690013
3,3,7.738,4.974,4.871,11.563,4.96,4.826,38.93732139840722
3,3,7.78,5.008,4.786,11.497,4.891,4.815,38.7877111012737
3,3,11.882,5.047,4.834,10.947,4.789,5.718,43.26643546422322
3,3,7.21,4.767,5.305,10.993,5.02,4.755,38.039729464799166
3,3,7.168,4.78,4.789,10.976,4.804,4.771,37.294260070969656
3,3,7.26,4.916,4.818,11.103,4.867,4.8,37.776977910349764
3,3,7.424,4.833,4.794,11.157,4.877,4.741,37.83119361226757
3,3,7.516,4.833,4.807,11.279,4.859,4.752,38.052928944428764
3,3,7.72,4.868,5.212,11.353,4.905,4.77,38.833828177303076
3,3,7.855,4.858,5.224,12.984,6.002,5.855,42.68314565221469
3,3,11.315,4.869,4.854,10.841,4.785,4.958,41.67319508269429
3,3,7.687,4.879,5.115,11.382,4.807,4.795,38.671578746289015
3,3,7.171,4.789,4.789,11.014,4.804,4.899,37.470219346384205
3,3,7.285,4.991,4.787,11.022,4.829,4.763,37.681822975476585
3,3,7.337,4.938,4.817,11.072,4.882,4.877,37.93825798978408
3,3,7.432,4.877,4.801,11.193,4.856,4.744,37.90789764995377
3,3,7.634,4.853,4.897,11.448,4.892,4.823,38.55082501346867
3,3,7.649,5.047,4.86,11.538,4.937,4.86,38.90779071177046
3,3,11.067,4.808,4.835,10.89,4.774,5.11,41.56303607548277
3,3,7.729,4.899,5.637,11.139,4.847,4.78,39.03969610109925
3,3,7.15,4.817,4.829,11.006,4.842,4.767,37.41593177740772
3,3,7.261,4.826,4.783,11.019,4.812,4.779,37.489000242203474
3,3,7.459,4.845,4.774,11.152,4.869,4.79,37.89241270472606
3,3,7.449,4.849,4.813,11.254,4.865,4.766,37.99942958479126
3,3,7.556,4.854,4.902,12.099,4.893,4.8,39.10824051126838
3,3,9.51,5.712,5.011,11.42,4.871,4.771,41.326771645496294
3,3,10.755,4.872,4.837,10.942,4.855,5.03,41.323523192356035
3,3,8.001,4.799,5.11,10.901,4.82,4.756,38.389714124302074
3,3,7.473,4.81,5.28,11.022,4.838,4.75,38.16641541197896
3,3,7.224,4.839,4.807,11.025,4.844,4.761,37.50471336146196
3,3,7.387,4.84,4.758,11.178,4.857,4.808,37.82920554901163
3,3,7.533,4.843,4.81,11.254,4.854,4.738,38.03431413446864
3,3,7.544,4.866,4.866,11.369,4.884,4.765,38.300818763673306
3,3,7.752,4.872,4.807,11.454,4.887,4.764,38.53958131124576
3,3,15.384,8.473,8.389,19.516,8.527,8.825,69.1694994457066
3,3,7.24,4.815,4.818,11.029,4.806,4.799,37.48892620205879
3,3,7.246,4.829,4.853,11.158,4.872,4.796,37.7569521466891
3,3,7.492,4.854,4.832,11.173,4.872,4.793,38.02062850445509
3,3,7.809,4.859,4.792,11.321,4.876,4.782,38.44707831740379
3,3,7.576,4.869,4.905,11.524,4.895,5.001,38.777065773804985
3,3,7.729,4.91,4.85,11.702,4.927,4.795,38.91591401770711
3,3,8.592,4.929,4.838,11.735,4.969,4.779,39.8452536513408
3,3,10.146,4.813,4.847,10.752,4.763,5.624,40.979328099638224
3,3,7.781,4.795,5.537,11.19,4.875,4.798,38.99041066567103
3,3,7.213,4.963,4.806,10.957,4.851,4.78,37.575816425184414
3,3,7.35,4.855,4.8,11.141,4.842,5.062,38.055067261060074
3,3,7.363,4.843,4.758,11.109,4.858,4.715,37.6522025714318
3,3,7.42,4.837,4.797,11.26,4.853,4.747,37.92141765976946
3,3,7.549,4.834,5.057,12.306,4.87,5.16,39.78550092627604
3,3,7.681,4.871,4.817,11.502,4.891,4.745,38.51242270320654
3,3,9.961,4.836,4.847,10.908,4.75,5.201,40.53641653930147
3,3,9.074,4.785,6.491,14.005,6.329,4.747,45.41660177831848
3,3,7.212,4.82,4.781,11.03,4.811,4.73,37.387184177835785
3,3,7.384,4.814,4.898,12.02,4.829,4.73,38.68059736366074
3,3,7.34,4.857,4.805,11.172,4.859,4.731,37.77114752059182
3,3,7.459,4.86,4.797,11.229,4.877,4.88,38.107688228289284
3,3,7.917,4.863,4.801,12.788,4.885,4.802,40.06367797652881
3,3,8.174,4.834,4.822,11.449,4.903,5.085,39.26504946624239
3,3,9.543,4.93,4.861,10.779,4.827,5.043,40.02711782231927
3,3,7.637,4.812,5.162,12.576,5.156,4.816,40.16494440535705
3,3,7.28,4.906,4.902,11.108,4.859,4.879,37.937194729844734
3,3,7.277,4.841,4.795,11.208,4.863,4.793,37.784340946624674
3,3,7.367,4.844,4.776,11.265,4.87,4.805,37.931353629877165
3,3,7.483,4.895,4.836,12.443,4.893,5.148,39.705172181129456
3,3,8.22,9.509,5.176,11.557,4.943,4.863,44.27941748872399
3,3,8.041,5.019,4.852,11.462,4.997,4.863,39.24336719016234
3,3,15.648,8.434,8.451,18.688,8.466,8.129,67.87838383267324
3,3,11.1,8.373,5.079,10.957,4.89,4.835,45.21514832352599
3,3,7.321,4.837,4.884,11.778,4.855,4.802,38.47371196995179
3,3,7.426,4.874,4.81,11.077,4.865,4.868,37.923932541161776
3,3,7.437,4.98,4.834,11.255,5.101,4.974,38.586222256223365
3,3,7.863,4.893,6.135,18.32,8.513,8.238,53.94944067423542
3,3,12.881,8.484,7.204,14.131,5.814,5.917,54.44473043705026
3,3,7.767,4.896,4.833,11.52,4.95,4.753,38.72175747528672
3,3,9.088,4.82,4.784,13.801,4.791,7.326,44.645014218986034
3,3,13.851,9.481,9.492,18.375,8.346,8.318,67.8704233529667
3,3,12.103,8.39,8.413,18.477,8.332,8.236,63.95787963022788
3,3,12.25,8.508,8.269,18.692,8.416,8.245,64.38910805930695
3,3,9.383,4.824,4.778,11.134,4.83,4.762,39.71381889035304
3,3,7.826,4.879,4.751,11.382,4.839,4.751,38.432156977554165
3,3,7.45,4.88,4.838,12.856,4.914,5.074,40.0219289585948
3,3,7.693,4.872,4.77,11.443,4.903,4.73,38.40944434826572
3,3,9.389,4.92,4.981,11.052,4.872,5.386,40.62961104015509
3,3,7.758,4.84,5.162,12.803,5.154,4.731,40.45616866399844
3,3,7.17,4.803,4.772,10.907,4.801,4.736,37.19224020217855
3,3,7.23,4.794,4.743,10.886,4.818,4.704,37.179111813505486
3,3,7.42,4.835,4.823,11.169,4.863,4.794,37.91039856150746
3,3,7.51,4.854,4.754,11.192,4.854,5.056,38.21495020141204
3,3,7.67,4.854,5.221,12.235,4.946,4.761,39.67887411514918
3,3,7.644,4.885,4.93,11.458,4.888,4.771,38.56705501675606
3,3,9.119,4.912,4.91,10.84,4.836,5.472,40.12400687982638
3,3,7.706,4.805,6.219,11.646,5.49,4.74,40.60487635433674
3,3,7.262,4.826,4.817,10.926,4.808,4.776,37.42284715796511
3,3,7.281,4.809,4.813,11.044,4.872,4.81,37.63486072421074
3,3,7.319,4.83,4.8,11.289,4.84,4.794,37.87691410010059
3,3,7.44,4.829,4.827,11.283,4.868,4.776,38.014564042290054
3,3,7.97,4.88,5.079,11.515,5.048,4.815,39.30958469087879
3,3,8.055,4.957,4.86,11.661,4.942,4.842,39.31991755962372
3,3,8.957,4.78,4.826,10.776,4.85,5.078,39.2975932918489
3,3,8.322,5.181,5.478,11.789,4.791,4.747,40.30548920854926
3,3,7.203,4.793,4.821,10.917,4.808,4.784,37.32816207533081
3,3,7.27,4.822,4.799,11.06,4.795,4.791,37.54385064045588
3,3,7.435,4.847,4.796,11.085,4.939,4.785,37.89107951646049
3,3,7.582,4.844,4.765,11.21,4.866,4.726,38.00025147696336
3,3,7.59,4.847,5.199,12.027,4.856,5.141,39.666609062502786
3,3,7.749,4.878,4.857,12.054,4.944,4.81,39.29819973806541
3,3,13.791,8.406,8.578,10.998,4.81,4.971,51.597656682133675
3,3,7.496,4.771,4.78,10.74,4.767,4.832,37.38706931471825
3,3,7.118,4.866,4.723,10.77,4.777,4.69,36.95043331633012
3,3,7.319,4.791,5.083,11.553,4.978,4.708,38.43459688747922
3,3,7.233,4.818,4.79,11.094,4.843,4.735,37.5291146337986
3,3,7.34,4.821,4.78,11.197,4.818,4.717,37.677370167026915
3,3,7.535,4.809,5.288,11.379,4.834,4.744,38.604046373317644
3,3,7.608,4.862,4.747,11.337,4.883,4.766,38.194492769738034
3,3,14.286,8.451,8.452,18.779,8.404,8.261,66.67809436718622
3,3,7.67,4.787,4.821,10.871,4.792,4.754,37.69473172724247
3,3,7.306,4.811,4.839,11.013,4.856,4.969,37.79839025810361
3,3,7.309,4.823,4.812,11.057,4.824,4.728,37.54338125387827
3,3,7.473,4.853,4.753,11.172,4.86,4.71,37.82512480393052
3,3,7.473,4.853,4.802,11.647,4.875,4.849,38.5023004685839
3,3,10.244,5.048,4.792,11.352,4.892,4.772,41.11040212834875
3,3,8.38,4.895,4.809,11.426,4.938,4.783,39.23508028189341
3,3,14.32,8.404,8.339,18.889,8.354,8.28,66.63709009687105
3,3,7.239,4.784,4.845,11.114,4.811,4.751,37.5475138425827
3,3,7.169,4.812,4.823,10.961,4.824,4.816,37.41154229889314
3,3,7.328,4.792,4.772,10.98,4.831,4.718,37.4374173892041
3,3,7.386,4.862,4.794,11.168,4.837,4.731,37.76818746700883
3,3,7.464,4.854,4.787,11.323,4.834,4.947,38.22460165247321
3,3,10.658,4.875,4.79,11.333,4.904,4.773,41.33885152017076
3,3,8.007,4.868,4.844,11.53,4.888,4.79,38.932268818219505
3,3,14.266,8.451,8.455,15.743,8.397,10.183,65.54640068983038
3,3,7.237,4.839,4.805,10.884,4.814,4.764,37.34301123768091
3,3,7.297,4.848,4.779,10.902,4.82,4.756,37.40398756538828
3,3,7.298,4.81,4.797,11.008,4.831,4.86,37.60808318232496
3,3,7.412,4.86,4.824,11.177,4.836,4.762,37.87365726505717
3,3,7.384,4.848,4.777,11.255,4.859,5.36,38.486374386896685
3,3,7.654,4.868,4.822,11.369,4.888,4.75,38.35381163905065
3,3,7.72,4.854,4.803,11.426,4.892,4.758,38.444571973135076
3,3,14.114,8.295,8.429,18.567,8.454,8.72,66.61582365632057
3,3,10.206,8.27,4.866,10.968,4.808,4.8,43.91728946939111
3,3,7.229,4.796,4.79,11.026,4.845,4.78,37.46469303344686
3,3,7.588,4.87,4.779,11.036,4.849,4.821,37.94294704372684
3,3,7.434,4.852,4.818,11.3,4.834,4.755,37.99551523601016
3,3,7.542,4.833,5.203,11.546,4.949,4.703,38.775673136115074
3,3,7.56,4.855,5.05,11.484,4.914,4.787,38.647161331027746
3,3,7.675,4.888,4.809,11.541,4.903,4.941,38.75768929719925
3,3,9.555,5.137,6.048,14.49,5.443,5.517,46.23094294220209
3,3,7.232,5.11,5.125,10.9,4.834,4.788,37.997336902966104
3,3,7.145,4.794,4.825,11.003,4.846,4.768,37.38744681080182
3,3,7.298,4.804,4.831,11.115,4.812,4.776,37.636327246824905
3,3,7.359,4.826,4.884,11.255,4.834,4.768,37.93269799401363
3,3,7.453,4.852,4.819,11.267,4.886,4.821,38.103390485048294
3,3,7.703,4.868,4.754,13.089,4.868,4.921,40.209222274521984
3,3,7.829,4.868,4.774,14.493,4.908,5.591,42.47103584930301
3,3,13.761,8.342,8.306,21.487,8.868,9.659,70.47424449895819
3,3,12.65,8.455,8.247,18.375,8.284,8.287,64.3130955286324
3,3,12.0,8.392,8.251,18.444,8.201,8.217,63.515199813991785
3,3,12.078,8.38,8.236,18.625,8.25,8.376,63.960054578880474
3,3,12.772,8.485,8.261,13.571,7.824,4.743,55.664424163599804
3,3,7.488,4.881,5.298,11.62,4.879,4.754,38.92724417770903
3,3,7.495,4.868,4.826,11.292,4.93,4.783,38.19202414403359
3,3,7.567,4.898,4.833,13.897,4.936,5.515,41.65668413043022
3,3,11.886,4.811,4.878,10.909,4.805,4.905,42.22744284197688
3,3,7.329,4.788,5.29,11.126,4.863,4.735,38.13370844970147
3,3,7.28,4.793,4.762,10.93,4.782,4.75,37.29127642388145
3,3,7.296,4.774,4.763,10.974,4.812,4.747,37.35351702198386
3,3,7.359,4.963,4.807,11.223,4.898,4.792,38.037361887594066
3,3,7.433,4.873,4.782,11.221,4.839,4.807,37.95981515819828
3,3,7.59,4.874,5.02,11.382,4.881,4.789,38.541187066584826
3,3,7.658,4.887,4.817,11.384,4.888,4.758,38.40706838915746
3,3,12.342,4.78,4.812,12.259,4.749,6.091,45.0625391677022
3,3,8.605,4.776,6.25,11.235,5.265,4.747,40.886874931554
3,3,7.395,4.887,4.901,11.265,4.951,4.849,38.25225277493397
3,3,7.312,4.873,4.862,11.202,4.865,4.801,37.918856988350555
3,3,7.402,4.905,4.899,11.474,4.95,4.801,38.406003887454666
3,3,7.587,4.93,4.812,11.357,4.958,4.776,38.423810464640454
3,3,7.657,4.916,5.381,11.892,5.003,4.952,39.810092343638345
3,3,7.663,4.925,4.801,11.531,4.958,4.874,38.75995893031359
3,3,11.844,4.834,4.878,10.954,4.781,8.353,45.681530299286045
3,3,7.404,4.985,4.937,11.109,4.76,4.698,37.89660381153226
3,3,7.123,4.751,4.757,11.194,4.822,4.768,37.422327014307186
3,3,7.365,4.843,4.879,11.425,4.846,4.802,38.1659846752882
3,3,7.394,4.834,4.803,11.205,5.563,4.763,38.56937075033784
3,3,7.524,4.864,4.826,11.255,4.864,4.791,38.133341974268355
3,3,7.573,4.89,4.827,11.755,4.902,4.754,38.70753260950248
3,3,7.569,4.864,4.808,11.528,4.923,4.78,38.47622809310754
3,3,11.655,4.866,4.858,10.92,4.813,5.117,42.26287159447868
3,3,7.299,4.822,5.426,12.388,4.814,5.919,40.67746068661412
3,3,7.787,5.613,4.794,11.159,4.801,5.103,39.268150149534144
3,3,7.388,4.833,4.939,11.021,4.824,4.799,37.80983590210478
3,3,7.374,4.818,4.806,11.143,4.889,4.727,37.76756627485156
3,3,7.667,4.844,4.813,12.049,4.853,4.757,38.99167478084564
3,3,7.568,4.927,4.925,11.821,4.957,4.785,38.99090224877
3,3,7.707,4.861,4.796,11.554,4.906,5.079,38.910654528687395
3,3,8.197,5.017,4.827,11.617,4.871,5.015,39.54673154900471
3,3,7.788,4.914,4.819,11.664,4.9,4.759,38.83775509893894
3,3,7.923,4.919,4.982,11.838,4.955,4.735,39.35513893763225
3,3,8.145,4.983,4.834,11.975,4.962,4.739,39.63683871552348
3,3,8.094,4.994,4.795,12.175,4.976,4.783,39.83296283210317
3,3,8.288,4.966,5.042,12.158,5.0,4.753,40.20785757650932
3,3,8.408,4.961,4.804,12.254,5.002,4.928,40.345509381343916
3,3,8.413,5.009,4.784,12.269,5.005,4.729,40.21801908190052
3,3,7.816,4.927,4.951,11.543,5.028,4.959,39.22924632206559
3,3,7.844,4.919,4.778,11.648,4.977,4.772,38.94397197291255
3,3,7.896,4.953,4.794,11.759,5.011,4.905,39.32789247483015
3,3,8.05,4.981,4.82,11.765,4.995,4.74,39.35490781441331
3,3,8.115,5.007,4.815,11.964,4.982,4.776,39.66798943777879
3,3,8.285,5.041,4.953,12.045,5.007,4.738,40.07386105755965
3,3,8.238,5.046,5.014,12.322,5.037,6.457,42.119404921929046
3,3,8.392,5.002,4.816,12.27,5.062,4.776,40.32319039106369
3,3,7.882,4.87,4.82,11.559,4.898,4.812,38.84231702735026
3,3,7.853,4.879,4.793,11.615,4.916,4.724,38.78317881996433
3,3,7.888,4.96,4.826,11.721,4.969,4.751,39.11862367143234
3,3,8.013,4.963,4.835,11.875,5.063,4.782,39.53598082686464
3,3,8.171,4.977,5.029,12.373,4.982,4.769,40.31028381238381
3,3,8.223,5.175,4.919,12.18,5.245,4.778,40.5304206845661
3,3,8.279,5.05,4.806,12.268,5.021,5.475,40.90678598731756
3,3,8.394,5.044,4.785,12.412,5.026,4.843,40.50967500855525
3,3,8.397,4.89,4.836,11.547,4.911,4.827,39.41389607886474
3,3,7.844,4.925,4.778,11.66,4.984,4.878,39.074463148911796
3,3,7.902,4.952,4.806,11.729,4.944,4.749,39.08861133580406
3,3,8.097,4.937,4.835,11.933,4.993,4.75,39.544329823305205
3,3,8.162,5.026,4.805,12.241,7.392,4.853,42.489499164124325
3,3,8.31,4.996,4.814,12.275,5.045,4.795,40.23537908991178
3,3,8.878,5.105,5.096,12.802,5.316,4.808,41.99394381915529
3,3,9.586,5.022,5.96,13.079,5.11,4.85,43.61369274556637
3,3,8.652,4.922,4.809,11.512,4.903,4.826,39.628938150902584
3,3,7.972,4.926,4.793,11.662,4.882,4.776,39.018889113018915
3,3,7.88,4.913,4.771,11.705,4.937,4.731,38.94562196607391
3,3,7.982,5.007,4.813,15.469,4.992,4.787,43.05528259525697
3,3,8.369,4.957,4.776,13.932,4.976,8.907,45.92682126288612
3,3,12.62,5.19,4.803,12.212,5.026,4.779,44.62435360377033
3,3,8.309,4.976,5.337,14.69,5.02,4.75,43.08305603141586
3,3,8.369,5.044,5.038,12.3,5.068,4.78,40.601857782651976
3,3,8.712,4.929,4.814,11.58,4.901,4.842,39.772574324160814
3,3,7.948,4.922,4.818,11.554,4.95,4.742,38.93770774205525
3,3,7.834,4.903,4.774,11.618,4.908,4.727,38.77290183057388
3,3,7.964,4.986,4.797,11.838,4.965,4.757,39.30119875197609
3,3,8.093,4.969,4.794,11.988,4.952,4.738,39.537077614416674
3,3,8.133,4.942,4.79,12.211,4.997,4.74,39.81665413205822
3,3,8.497,4.992,5.444,12.672,5.339,4.994,41.95077903568745
3,3,8.377,5.004,4.801,12.285,5.023,4.792,40.28595223401983
3,3,8.514,4.926,4.824,11.674,4.938,4.774,39.64059008285403
3,3,7.939,4.92,4.828,11.687,4.946,4.757,39.07997440546751
3,3,7.86,4.94,4.781,11.731,4.951,4.787,39.05178171892961
3,3,7.973,4.97,4.817,11.804,4.992,4.794,39.35685117418567
3,3,8.116,4.95,4.784,11.973,4.972,4.764,39.560951913396515
3,3,8.186,4.99,4.787,12.153,4.965,4.746,39.81749418502052
3,3,8.216,5.235,4.785,12.253,5.01,5.199,40.70539244761069
3,3,8.357,5.008,4.93,12.404,5.026,4.814,40.52470282961925
3,3,7.823,4.905,4.85,11.73,4.915,5.258,39.47559713075559
3,3,7.813,4.883,4.778,11.55,4.906,4.723,38.65885315462947
3,3,7.856,4.892,4.821,11.784,4.954,4.751,39.06056719521682
3,3,8.124,10.692,4.838,12.067,4.974,4.788,45.48256642495593
3,3,15.654,4.984,4.883,12.241,10.312,4.931,52.99865904574593
3,3,9.129,5.06,4.797,13.547,9.0,5.837,47.38459875807166
3,3,9.108,5.075,4.834,12.217,5.032,4.751,41.02107370272279
3,3,8.346,5.011,4.773,12.292,5.125,4.724,40.2799267321825
3,3,12.985,8.506,8.689,19.605,8.551,8.19,66.55197683721781
3,3,13.074,8.511,8.251,19.939,8.569,8.3,66.63663126528263
3,3,13.332,8.601,8.336,20.005,8.605,8.309,67.19811198612054
3,3,13.562,8.572,8.231,17.12,8.743,8.093,64.32959282149872
3,3,8.18,4.973,4.866,11.906,4.973,4.74,39.627637869368
3,3,8.178,4.95,4.827,12.159,5.012,4.744,39.87332945689559
3,3,8.319,5.007,4.83,12.212,5.01,4.756,40.13591771945357
3,3,8.408,5.037,4.79,12.282,5.051,4.781,40.34936334937811
3,3,7.895,4.905,4.784,11.698,4.912,5.403,39.60029936085145
3,3,8.05,4.989,4.859,11.865,5.005,4.857,39.631011274953686
3,3,8.06,4.97,4.844,12.012,4.973,4.815,39.680033766975
3,3,8.489,5.041,4.874,11.925,5.047,4.867,40.24208430200815
3,3,8.203,5.092,4.913,12.288,5.075,4.824,40.39944289252162
3,3,8.327,5.05,4.948,12.425,5.049,4.799,40.59851014365753
3,3,8.509,5.115,4.866,12.519,5.115,4.826,40.94995899746816
3,3,8.603,5.07,4.872,12.528,5.063,4.841,40.981883338342115
3,3,7.906,4.907,4.766,11.617,4.913,4.9,39.01082106555502
3,3,7.843,4.958,4.789,11.622,4.899,4.736,38.83699405317505
3,3,7.842,4.935,4.812,11.83,4.945,4.772,39.13043811917305
3,3,8.006,4.99,4.832,11.829,5.002,4.759,39.42212493469317
3,3,8.173,4.972,6.242,12.847,5.031,4.726,41.98480676859617
3,3,8.136,4.927,4.771,12.068,4.929,4.722,39.557624608278275
3,3,8.268,4.958,4.888,12.17,4.969,4.74,39.995345287024975
3,3,9.029,5.003,4.78,12.193,4.993,4.75,40.74971470981836
3,3,7.851,4.924,4.765,11.572,4.901,4.891,38.90724526718259
3,3,7.927,4.977,4.898,11.686,5.002,4.776,39.27086402351658
3,3,8.079,5.129,5.278,11.816,4.996,5.04,40.342954608301326
3,3,8.445,5.425,4.93,12.038,4.991,4.864,40.6989180482924
3,3,8.516,5.073,5.102,12.687,5.024,5.014,41.42412620907028
3,3,8.551,5.294,4.822,12.159,5.039,4.774,40.64583793903391
3,3,8.507,5.7,4.838,12.324,5.091,4.9,41.36631808554132
3,3,8.693,5.133,4.853,12.323,5.244,4.807,41.058466148873165
3,3,7.868,4.978,4.881,12.562,4.984,5.052,40.330003015697
3,3,7.996,5.098,4.879,11.814,5.007,4.814,39.61395534376303
3,3,7.998,5.082,4.857,12.043,5.032,5.762,40.761171064029135
3,3,8.322,5.109,4.842,12.488,5.062,4.813,40.64400835583608
3,3,8.211,5.033,4.878,12.643,5.109,4.854,40.736552172650896
3,3,8.429,5.121,4.879,12.563,5.072,4.944,40.99382910256584
3,3,8.609,5.085,5.074,12.434,5.317,5.074,41.5975257443885
3,3,8.788,5.111,5.261,15.203,6.17,5.622,46.152672885606684
3,3,7.765,4.965,4.895,11.865,4.916,4.795,39.206982124596834
3,3,7.859,4.945,4.856,11.895,4.967,4.744,39.28002746154864
3,3,7.897,4.955,4.773,11.734,4.987,4.749,39.10312817121546
3,3,7.988,4.968,4.794,11.858,4.954,4.765,39.330755205204085
3,3,8.133,4.955,4.802,12.051,5.003,4.798,39.74747067938249
3,3,8.315,5.041,4.822,13.11,5.035,4.751,41.078986289600536
3,3,8.279,5.107,4.936,12.822,5.031,4.921,41.10053600743413
3,3,8.399,5.039,4.801,12.282,5.032,4.759,40.30736271912853
3,3,7.922,4.904,4.913,12.19,4.925,4.913,39.772809483110905
3,3,7.914,4.926,4.808,11.653,4.944,4.754,39.01130116234223
3,3,7.862,4.966,4.798,11.881,4.975,4.892,39.38001208007336
3,3,8.081,4.955,4.91,11.946,4.966,4.737,39.583496904621526
3,3,9.314,11.33,5.1,12.095,4.992,4.778,47.608954211076096
3,3,8.223,4.981,4.789,12.277,4.952,4.761,39.98751783122619
3,3,8.654,5.034,4.822,18.77,7.723,8.316,53.32932248711586
3,3,13.993,8.704,8.265,20.893,8.74,8.268,68.86723016699156
3,3,7.705,4.892,4.856,11.546,4.949,4.86,38.81824451188247
3,3,7.858,4.912,4.814,11.726,4.955,4.786,39.05964425454537
3,3,7.926,4.943,4.844,11.853,4.957,4.901,39.43106563140948
3,3,7.971,4.948,4.781,11.925,4.943,4.787,39.36136746779084
3,3,8.022,4.965,4.785,11.923,4.984,4.745,39.429491230597094
3,3,8.698,5.009,4.813,12.13,4.98,4.751,40.368452978630856
3,3,8.549,5.172,4.835,12.341,5.63,4.803,41.32746920610468
3,3,8.354,5.027,4.821,12.348,5.041,4.744,40.33995373174548
3,3,7.991,4.923,4.82,11.561,4.948,4.806,39.05543327952425
3,3,7.852,4.944,4.758,11.7,4.934,4.764,38.95414527505636
3,3,7.876,4.958,4.796,11.825,4.97,5.447,39.8774518010517
3,3,8.109,4.967,4.871,11.821,4.964,4.795,39.525190057853855
3,3,8.129,4.975,4.818,16.147,5.049,4.866,43.98682961861293
3,3,8.139,5.032,4.807,12.134,5.056,4.754,39.91434505830209
3,3,8.264,5.359,5.813,12.37,5.016,4.947,41.78250658636291
3,3,8.417,5.006,4.866,12.434,5.013,4.795,40.53356467435758
3,3,7.837,4.919,4.813,11.663,4.912,4.865,39.01597764343023
3,3,7.82,4.92,4.799,11.667,4.928,4.777,38.92907934884231
3,3,7.93,4.95,4.814,11.813,4.94,4.732,39.18831531579296
3,3,7.948,4.954,4.791,11.915,4.951,4.771,39.33983389288187
3,3,8.067,4.948,4.796,12.001,4.955,4.76,39.53364538028836
3,3,8.199,4.975,4.821,12.05,4.977,4.746,39.759243217607334
3,3,8.435,5.043,4.8,13.003,5.008,4.821,41.12174408510327
3,3,8.397,5.032,4.833,12.243,5.093,4.773,40.37516874571641
3,3,12.888,8.55,8.103,19.583,8.555,8.214,65.90426915014783
3,3,13.039,8.587,8.226,19.914,9.457,8.371,67.6075373776257
3,3,13.441,8.655,8.249,20.226,8.589,8.188,67.35696752245227
3,3,13.605,8.604,8.275,20.377,8.624,8.024,67.51843666036925
3,3,10.667,5.021,4.812,12.211,5.011,4.862,42.59849867473046
3,3,8.439,4.991,4.834,12.339,5.007,4.783,40.4109430188934
3,3,8.444,5.07,4.837,12.406,5.059,4.783,40.60332213218013
3,3,8.74,5.055,4.791,12.572,5.086,4.778,41.02744860574603
3,3,7.802,4.963,4.821,11.713,5.052,4.913,39.273959429313734
3,3,7.905,4.936,4.822,11.828,4.952,4.779,39.22939052184422
3,3,7.957,4.991,4.848,12.91,5.48,4.992,41.186699022849396
3,3,9.267,5.114,4.918,11.949,4.99,4.825,41.06346610933542
3,3,8.196,5.051,4.889,12.374,5.114,4.824,40.45206215232611
3,3,8.278,5.122,4.824,12.418,5.058,4.845,40.551422629505396
3,3,8.473,5.117,4.869,12.666,5.096,4.76,40.9790746246775
3,3,8.558,5.064,4.844,12.462,5.205,4.766,40.90155210966866
3,3,7.675,4.86,4.75,11.542,4.891,4.744,38.468311851223305
3,3,7.767,4.9,4.744,11.553,4.901,4.707,38.57371428360541
3,3,7.813,4.901,4.79,11.705,4.902,4.694,38.8088117664059
3,3,7.996,4.93,4.787,11.795,4.949,4.698,39.156099160512284
3,3,11.394,5.276,4.759,12.018,4.976,4.737,43.16676547750831
3,3,8.237,4.992,4.753,12.365,4.998,4.764,40.099306808163725
3,3,8.268,4.998,4.844,12.253,5.612,4.919,40.89983288819591
3,3,8.411,5.029,4.785,12.281,5.008,4.767,40.28556076809764
3,3,7.816,4.866,4.781,11.786,4.936,4.792,38.983978175868586
3,3,7.842,4.95,4.843,11.759,4.969,4.782,39.15324745078882
3,3,8.117,4.985,4.869,11.813,4.97,4.927,39.70990438635151
3,3,8.152,5.139,4.85,12.112,5.009,4.792,40.055549548317984
3,3,8.734,4.986,4.855,12.302,5.05,4.832,40.758519588659205
3,3,8.288,5.025,4.876,12.223,5.061,4.795,40.27197867011031
3,3,11.759,5.046,5.389,12.967,5.101,4.728,44.84657337889075
3,3,8.357,5.025,4.781,12.294,5.044,4.775,40.2777239990731
3,3,7.821,4.988,4.982,11.812,4.985,4.859,39.45394310479362
3,3,8.096,4.952,4.884,11.624,4.982,4.835,39.38072702536981
3,3,8.142,4.961,4.863,11.847,5.13,4.895,39.84646080061793
3,3,8.174,5.114,4.877,11.993,4.991,4.762,39.92717511331042
3,3,8.274,5.209,4.928,12.298,5.066,4.812,40.58693489059806
3,3,8.202,5.15,4.84,12.275,5.054,8.833,44.365378717581436
3,3,8.666,5.021,4.931,12.233,5.039,4.866,40.76124463851254
3,3,8.453,5.09,4.833,12.8,5.074,4.933,41.191544849425554
3,3,7.834,4.927,5.084,11.518,4.884,4.79,39.03820536409815
3,3,7.83,4.907,4.798,11.682,4.897,4.829,38.927126986285046
3,3,7.949,5.012,4.814,11.888,5.305,4.745,39.72443984821439
3,3,8.036,4.958,4.834,11.985,4.956,4.741,39.51240129147966
3,3,8.079,4.988,4.815,11.992,5.006,4.766,39.64934529115756
3,3,8.193,4.977,4.794,12.105,5.003,4.833,39.91331486031413
3,3,8.772,5.006,6.768,12.519,5.191,4.833,43.08303926760952
3,3,8.442,5.012,4.794,12.235,5.054,4.75,40.287945729990795
3,3,8.506,4.919,5.442,14.515,6.018,5.708,45.09946346903841
3,3,9.227,5.968,5.75,14.944,6.0,5.57,47.48924728482962
3,3,9.767,5.825,5.909,14.406,5.926,5.727,47.58443388467033
3,3,10.38,5.979,5.703,14.553,5.907,5.593,48.07151574641466
3,3,10.605,5.988,5.643,13.735,5.922,6.323,48.235114974280194
3,3,10.545,5.135,5.035,12.115,4.999,4.766,42.59901804228623
3,3,8.235,4.97,4.803,12.225,5.025,4.747,40.00691991920272
3,3,8.362,5.029,4.818,12.347,5.161,4.782,40.503588349868856
3,3,7.91,4.9,4.947,11.545,4.963,4.803,39.07883229355017
3,3,7.826,4.924,4.85,11.697,4.96,4.771,39.03701761737466
3,3,7.966,4.969,4.827,11.896,4.968,4.915,39.53064636637767
3,3,8.463,4.95,4.946,12.057,5.409,4.774,40.59889540076256
3,3,8.282,5.034,4.849,12.09,5.02,4.811,40.08977053066094
3,3,8.322,5.035,5.138,12.469,5.25,5.5,41.72483909254273
3,3,9.379,5.047,4.801,12.221,5.015,4.813,41.27851889158289
3,3,8.406,5.044,4.832,12.289,5.057,4.825,40.45837217320999
3,3,8.152,4.907,4.832,11.547,4.929,4.731,39.09937432035804
3,3,7.855,4.917,4.793,11.653,4.915,4.798,38.936280800650515
3,3,7.941,5.071,4.886,11.863,5.003,4.989,39.75516386951009
3,3,8.089,4.958,4.869,12.062,4.967,4.765,39.71450217068195
3,3,8.231,5.12,4.805,12.053,5.018,4.794,40.0234564828376
3,3,8.232,5.208,4.861,12.565,5.324,4.833,41.028805542737246
3,3,8.433,5.053,4.857,12.347,5.012,4.779,40.485950031628214
3,3,8.373,5.03,4.806,12.351,5.03,4.753,40.34946051736673
3,3,9.458,4.941,4.833,11.755,4.958,4.816,40.76379832501213
3,3,8.003,4.949,4.838,11.924,4.968,4.787,39.4742414355278
3,3,8.247,5.068,4.817,12.143,4.999,4.807,40.084926411509514
3,3,8.24,4.977,4.841,12.255,4.999,4.79,40.10751408835252
3,3,8.328,4.982,4.838,12.334,5.042,4.77,40.295435115695
3,3,8.4,5.027,4.848,12.76,5.063,5.353,41.45106781894962
3,3,9.366,5.001,5.584,12.243,4.985,4.752,41.9326089322567
3,3,8.364,5.016,4.82,12.389,5.012,4.756,40.372571287055806
3,3,8.087,4.891,4.831,11.576,4.914,4.794,39.09124992787838
3,3,7.918,4.911,4.84,11.717,4.941,4.751,39.07554068913062
3,3,8.036,6.113,5.77,12.028,4.95,4.771,41.66062191749613
3,3,8.091,4.96,4.846,12.045,4.968,4.792,39.69831966484586
3,3,8.189,5.01,4.823,12.269,5.008,4.897,40.191492065787315
3,3,8.499,4.992,4.809,12.204,5.003,4.806,40.332696555803224
3,3,8.367,5.008,4.803,12.185,5.007,4.735,40.10504406566422
3,3,8.467,5.09,4.915,12.325,4.993,4.753,40.543839025000736
3,3,7.684,4.927,4.803,11.599,4.938,4.721,38.675168373932436
3,3,7.863,4.941,4.864,11.785,4.956,4.755,39.16626423597336
3,3,7.935,4.912,4.815,11.862,4.942,4.759,39.22985602791111
3,3,8.116,5.013,8.889,11.939,5.019,4.798,43.763329585393265
3,3,8.227,4.957,5.153,18.417,5.372,8.498,50.62848950425783
3,3,13.729,8.747,8.243,20.641,8.8,8.339,68.51986392090717
3,3,13.973,8.756,8.167,20.707,8.747,8.361,68.71640387301645
3,3,14.083,8.744,8.309,20.773,8.764,8.273,68.94835596904159
3,3,7.759,5.409,4.788,15.223,5.848,8.689,47.72927503411968
3,3,10.694,5.007,4.806,11.702,4.922,4.773,41.91920688996713
3,3,8.125,4.955,6.159,13.518,5.43,5.334,43.517075323810175
3,3,8.114,4.952,4.817,12.033,4.99,4.805,39.70720712095499
3,3,8.168,4.975,5.022,12.292,4.98,4.746,40.18379577125112
3,3,8.138,4.992,4.933,12.114,4.98,4.767,39.92840911572178
3,3,8.259,5.085,4.83,12.162,5.029,4.77,40.14317970722914
3,3,8.354,5.012,4.774,12.298,5.029,4.766,40.24044331163168
3,3,7.719,4.967,4.806,11.557,4.91,4.824,38.789946430673204
3,3,7.767,4.915,4.791,11.816,4.939,4.79,39.025471080094576
3,3,7.886,4.958,4.786,11.787,5.006,4.779,39.21092705180248
3,3,8.125,4.95,5.221,13.342,4.995,4.819,41.43539971361558
3,3,8.217,5.01,4.833,12.089,5.024,4.904,40.07929703220725
3,3,8.3,5.031,4.895,12.154,5.04,4.796,40.21828838934501
3,3,8.35,5.047,4.807,12.268,5.107,4.828,40.4098181364437
3,3,8.689,5.03,4.826,12.355,5.04,4.763,40.70734993244211
3,3,8.501,5.034,4.81,12.449,5.1,4.797,40.69231947263082
3,3,8.554,5.041,4.874,12.441,5.056,4.759,40.730108972638845
3,3,8.672,5.074,4.774,12.608,5.086,4.773,40.990175524105624
3,3,8.714,5.128,4.835,12.62,5.217,4.777,41.29665236299237
3,3,8.839,5.077,4.783,12.884,5.109,4.999,41.70252336189151
3,3,8.936,5.119,4.855,12.88,5.131,4.727,41.647009551525116
3,3,8.981,5.132,4.805,13.633,5.115,4.82,42.485501772413656
3,3,10.213,5.149,4.94,13.724,5.17,4.809,44.00197292367617
3,3,9.193,5.04,4.865,12.449,5.02,4.813,41.385137010365725
3,3,8.71,5.057,4.793,12.575,5.075,4.782,40.994159411638975
3,3,8.702,5.086,4.822,12.632,5.107,4.797,41.13297273094456
3,3,8.759,5.058,4.823,12.781,5.096,4.753,41.27275850623846
3,3,8.826,5.173,4.787,12.687,5.076,5.065,41.61869206776221
3,3,8.952,5.095,4.767,12.825,5.097,4.789,41.527062499274805
3,3,8.98,5.172,4.79,14.321,5.165,5.003,43.43630947793523
3,3,9.128,5.161,4.969,13.468,5.168,4.827,42.725828786691025
3,3,8.435,5.003,4.841,13.483,5.042,4.981,41.78631367782752
3,3,8.929,5.09,4.824,12.859,5.105,5.099,41.90611342589061
3,3,8.595,5.192,4.815,12.545,5.115,4.898,41.16694675758481
3,3,8.982,5.075,4.84,12.656,5.105,4.767,41.427252503732845
3,3,8.858,5.096,4.762,12.751,5.124,5.249,41.840506096680954
3,3,8.945,5.112,4.795,12.808,5.112,4.793,41.567261020342514
3,3,8.962,5.162,4.853,13.043,5.171,5.004,42.197644244879484
3,3,9.385,5.157,5.06,13.124,5.177,4.793,42.69027570262551
3,3,8.408,5.029,4.85,12.374,5.062,4.805,40.533876356979206
3,3,8.499,5.177,4.798,12.488,5.085,4.762,40.811480178187296
3,3,8.73,5.099,4.859,12.616,5.09,4.769,41.16831595698992
3,3,8.82,5.09,4.782,12.741,5.093,4.743,41.276493575423956
3,3,8.743,5.124,4.78,12.859,5.09,5.112,41.71343520283699
3,3,8.947,5.207,4.985,12.869,5.399,5.004,42.41548447559277
3,3,9.078,5.183,4.863,13.332,5.204,5.019,42.68478167553743
3,3,9.251,5.196,5.036,13.472,5.185,4.818,42.95071462790171
3,3,8.412,5.011,4.856,12.454,5.045,4.764,40.54455102110903
3,3,8.618,5.11,4.798,12.566,5.048,4.765,40.91077484190464
3,3,8.633,5.07,4.803,12.582,5.083,4.756,40.930334478616714
3,3,8.727,5.083,4.789,12.649,5.086,4.767,41.09482591350873
3,3,8.744,5.092,4.808,12.693,5.102,4.885,41.3280016121765
3,3,8.963,5.112,4.796,12.885,5.109,4.748,41.61884061371286
3,3,9.266,5.123,4.84,13.948,5.156,4.986,43.32601247976224
3,3,10.423,5.18,4.931,14.55,5.339,4.749,45.22717045620084
3,3,8.372,4.976,4.751,12.264,5.002,4.717,40.085923237105206
3,3,8.407,5.014,4.741,12.364,5.047,4.725,40.30294343829155
3,3,8.501,5.081,4.755,12.532,5.041,4.733,40.64857059468825
3,3,8.639,5.091,4.77,12.723,5.054,4.71,40.990183129906654
3,3,8.698,5.067,4.796,12.757,5.042,4.734,41.097036718080446
3,3,8.833,5.073,4.759,12.749,5.111,4.698,41.22457358365257
3,3,8.903,5.094,4.786,13.074,5.127,5.037,42.023672101398304
3,3,13.901,5.869,8.149,22.972,11.502,6.22,68.62352540095648
3,3,8.445,5.06,4.863,12.369,5.094,4.775,40.60813272371888
3,3,8.597,5.053,4.851,12.556,5.102,4.784,40.946531264732286
3,3,8.653,5.074,4.8,12.766,5.077,4.907,41.281235714753464
3,3,8.665,5.077,4.836,12.884,5.095,4.773,41.33822411919634
3,3,8.917,5.135,4.777,13.063,5.102,4.879,41.8752635208269
3,3,8.845,5.14,4.911,12.837,5.104,4.739,41.579108530034624
3,3,9.126,5.118,4.812,13.04,5.154,5.155,42.40818663189809
3,3,9.853,5.172,5.072,13.159,5.175,4.784,43.22014500697454
3,3,8.529,5.071,4.85,12.668,5.111,4.809,41.0447190515697
3,3,8.736,5.11,4.846,12.626,5.118,4.804,41.24212202926477
3,3,8.744,5.129,4.794,12.593,5.089,4.756,41.10624920576811
3,3,8.771,5.089,4.838,12.684,5.122,4.757,41.26533679664135
3,3,8.798,5.135,4.819,12.762,5.163,5.002,41.677870011578
3,3,8.885,5.09,4.811,12.963,5.143,4.802,41.69946101804574
3,3,8.978,5.12,4.785,13.73,5.173,5.066,42.864257004112005
3,3,10.802,5.155,6.36,13.145,5.147,4.757,45.36857766409715
3,3,8.494,5.058,4.842,12.362,5.009,4.747,40.51997574667136
3,3,8.564,5.028,4.84,12.53,5.088,4.748,40.808711045732096
3,3,8.639,5.093,4.819,12.589,5.075,4.79,41.00997125109036
3,3,8.782,5.068,4.79,12.673,5.258,4.772,41.34881651649872
3,3,8.88,5.094,4.788,12.78,5.129,4.874,41.55183785284559
3,3,8.846,6.178,4.804,12.927,5.123,4.773,42.661445060123995
3,3,9.059,5.117,4.816,13.222,5.142,4.802,42.16618618617455
3,3,9.258,5.138,5.116,13.176,5.151,4.783,42.627301067113876
3,3,8.478,5.051,4.81,12.403,5.046,4.778,40.57279073943695
3,3,10.831,5.055,4.894,12.741,5.893,4.799,44.22546923160553
3,3,8.604,5.055,4.834,12.621,5.06,4.776,40.95615896706779
3,3,8.877,5.068,4.821,12.641,5.771,4.76,41.95466032251716
3,3,8.771,5.123,4.858,13.19,5.129,4.755,41.83198620254795
3,3,8.817,5.115,4.824,12.902,5.147,4.786,41.59560132150849
3,3,9.0,5.129,4.82,13.547,5.141,5.024,42.670764960348606
3,3,9.378,5.156,4.806,13.183,5.157,4.751,42.43097888926665
3,3,8.629,5.136,4.89,12.646,5.177,4.877,41.36257929106553
3,3,8.652,5.125,4.916,12.773,5.186,4.862,41.52178640166919
3,3,8.837,5.155,4.857,13.085,5.131,4.833,41.907892252008125
3,3,8.799,5.174,4.809,12.797,5.202,4.898,41.68416202689211
3,3,8.802,5.175,4.823,13.655,5.341,5.632,43.45475556328893
3,3,9.087,5.212,4.849,13.098,5.144,4.85,42.24834482495984
3,3,9.112,5.269,5.141,14.118,5.262,4.933,43.82796259596944
3,3,9.308,5.214,4.92,13.371,5.189,4.857,42.8653274041911
3,3,8.507,5.099,5.025,12.765,5.095,5.208,41.70438197130958
3,3,9.803,5.488,5.088,13.72,5.115,5.161,44.37913993994395
3,3,9.363,5.664,4.992,12.814,5.11,4.808,42.764853220433
3,3,8.779,5.176,4.906,12.719,5.137,4.787,41.516534984111786
3,3,8.912,5.114,4.82,13.231,5.432,4.881,42.393341194838285
3,3,8.812,5.128,4.797,12.814,5.127,4.838,41.52250677968065
3,3,9.02,5.14,5.008,13.104,5.176,4.77,42.22655839597185
3,3,9.591,5.149,4.905,13.172,5.227,5.057,43.10600863148768
3,3,8.381,5.045,4.826,12.408,5.065,4.774,40.50432487080494
3,3,8.525,5.053,4.806,12.614,5.101,4.793,40.89410277083516
3,3,8.682,5.064,4.83,12.677,5.065,4.778,41.09549553443988
3,3,8.765,5.194,4.804,12.74,5.097,4.771,41.377697295198836
3,3,8.886,5.117,4.858,14.5,5.713,4.836,43.904691003263
3,3,11.382,6.334,5.657,16.029,6.343,5.643,51.401745838423565
3,3,10.77,5.385,4.845,13.032,5.141,5.501,44.671421870589256
3,3,9.008,5.233,4.814,13.08,5.156,5.144,42.438598815351725
3,3,8.531,5.055,4.798,12.379,5.04,4.759,40.56310746818781
3,3,8.543,5.083,4.918,12.749,5.208,4.817,41.323719546198845
3,3,8.913,5.049,4.89,12.582,5.059,4.739,41.23406810685992
3,3,8.665,5.157,4.867,12.694,5.116,4.793,41.294861274460956
3,3,8.834,5.1,5.016,13.119,5.125,4.767,41.96617379784584
3,3,8.902,5.123,4.807,12.854,5.12,4.76,41.57039352382223
3,3,9.018,5.16,5.197,13.231,5.188,5.281,43.092976634701095
3,3,9.242,5.149,5.018,13.204,5.143,4.747,42.49294754117727
3,3,8.581,5.053,4.814,12.622,5.082,4.816,40.971735337128244
3,3,8.675,5.147,4.838,12.706,5.096,4.88,41.34923545643687
3,3,8.788,5.153,4.82,12.653,5.077,4.766,41.25815241908033
3,3,8.939,5.132,4.786,12.738,5.058,4.767,41.42183313767116
3,3,8.912,5.234,4.797,12.922,5.303,4.773,41.94736247882247
3,3,8.95,5.1,4.792,12.876,5.171,4.826,41.7049084790051
3,3,8.987,5.113,5.366,13.172,5.172,4.8,42.61369397863746
3,3,9.935,5.496,4.832,13.215,5.215,4.894,43.60001922274629
3,3,8.506,5.113,4.824,12.342,5.031,4.793,40.61807552352548
3,3,8.464,5.031,4.724,12.383,5.036,4.712,40.35244757930438
3,3,8.625,5.103,4.785,12.5,5.069,4.726,40.81275872886181
3,3,8.978,5.122,4.8,12.64,5.088,4.768,41.398302651941776
3,3,8.776,5.071,4.754,12.784,5.121,4.789,41.300533805042505
3,3,8.87,5.109,4.801,12.829,5.129,4.769,41.50979965925217
3,3,9.071,5.114,5.318,13.186,5.146,5.227,43.066533748060465
3,3,9.808,5.13,4.853,13.206,5.165,4.786,42.9364435064296
3,3,8.592,5.012,4.792,12.418,5.04,4.757,40.61492796366413
3,3,8.573,5.047,4.811,12.537,5.076,4.731,40.77947388092677
3,3,8.706,5.071,4.951,12.561,5.064,4.766,41.10893560573459
3,3,8.656,5.04,4.817,12.716,5.078,4.712,41.028080973774195
3,3,8.772,5.094,4.837,12.719,5.081,4.727,41.23323177918792
3,3,8.816,5.079,4.77,12.835,5.131,4.742,41.377308778464794
3,3,9.011,5.106,4.81,13.157,5.141,6.472,43.707226558278
3,3,9.463,5.143,4.871,13.163,5.178,5.128,42.94953355565667
3,3,10.269,6.115,5.74,15.259,6.259,5.717,49.39104088892539
3,3,9.919,5.996,4.769,12.566,5.084,4.778,43.10908789436023
3,3,8.619,5.046,4.8,12.619,5.056,4.826,40.964105166494846
3,3,9.002,5.184,4.897,12.855,5.108,4.8,41.84599034488201
3,3,9.658,5.093,4.795,12.811,5.09,4.728,42.1640098405381
3,3,8.882,5.171,4.783,12.916,5.287,4.759,41.80936887860298
3,3,11.071,5.173,4.812,13.842,5.153,4.923,44.9736292163531
3,3,9.558,5.145,4.804,18.101,5.188,8.572,51.38115491718054
3,3,8.413,5.094,4.814,12.385,5.093,4.776,40.574745275080204
3,3,8.682,5.226,5.131,15.128,6.144,5.812,46.16458620876074
3,3,10.804,6.087,5.676,15.517,6.127,5.861,50.016242545098066
3,3,10.735,6.07,5.581,13.496,5.067,5.519,46.47072854762276
3,3,10.049,5.458,4.808,12.818,5.071,4.886,43.08048030361533
3,3,8.895,5.112,4.788,13.069,5.123,5.412,42.399076744914055
3,3,11.311,5.125,5.091,13.981,5.145,4.78,45.4128123819828
3,3,9.16,5.18,5.242,14.828,5.211,4.957,44.587115446726486
3,3,8.431,5.153,4.924,12.547,5.174,5.05,41.28109663724899
3,3,9.559,5.164,4.947,13.599,5.093,4.829,43.196617159992456
3,3,8.804,5.312,5.043,12.604,5.324,4.989,42.07637719810009
3,3,9.599,5.251,4.968,12.941,5.537,4.954,43.261884090801075
3,3,9.441,5.178,5.016,13.582,5.218,4.87,43.3050977687041
3,3,8.891,5.195,4.899,12.919,5.233,4.823,41.96664644405246
3,3,10.623,5.169,4.834,15.009,5.182,5.14,45.96215284739931
3,3,9.158,5.16,4.856,17.586,5.199,7.91,49.88204237694542
3,3,8.674,5.077,4.86,12.381,5.086,4.823,40.905143444736794
3,3,8.453,5.029,4.794,12.539,5.061,4.753,40.64127213011186
3,3,8.727,5.478,4.827,12.623,5.119,4.774,41.55527288094163
3,3,8.894,5.161,4.939,15.869,5.101,4.987,44.94620207697153
3,3,14.865,8.833,8.305,21.78,8.831,8.271,70.89279017721613
3,3,15.017,8.856,7.689,13.562,5.141,4.765,55.03859495123227
3,3,9.433,5.147,4.88,13.257,5.149,5.344,43.21705037727952
3,3,10.674,5.221,4.923,13.264,5.169,4.77,44.02291929970185
3,3,8.431,5.0,4.811,12.426,5.115,4.756,40.55543818200628
3,3,8.528,5.05,4.811,12.456,5.061,4.763,40.67629436030984
3,3,8.956,5.114,4.832,12.511,5.15,4.821,41.38884910692771
3,3,9.193,5.188,4.812,12.655,5.125,4.777,41.75295603151123
3,3,9.172,5.103,4.854,12.772,5.134,4.756,41.78811501090725
3,3,8.882,5.12,4.801,13.087,5.147,5.075,42.12008385608594
3,3,9.532,5.18,4.85,13.03,5.158,4.83,42.5867351392905
3,3,9.073,5.142,4.871,13.368,5.178,4.879,42.51409803206722
3,3,8.479,5.026,4.898,12.455,5.04,4.769,40.661603367577
3,3,8.615,5.683,4.989,12.584,5.1,4.726,41.7027707832555
3,3,8.705,5.04,4.816,12.652,5.079,4.773,41.07228433713317
3,3,9.173,5.166,4.769,12.636,5.097,4.777,41.62336513400078
3,3,8.766,5.114,4.835,12.854,5.08,4.745,41.398633581896625
3,3,8.889,5.143,4.839,12.998,5.137,5.214,42.22469606126349
3,3,9.182,5.137,5.302,14.34,5.143,5.091,44.19189101705949
3,3,9.124,5.154,4.954,13.651,5.17,5.07,43.13363662610451
3,3,8.507,5.03,4.815,12.449,5.08,4.769,40.653184677163765
3,3,8.532,5.069,4.803,12.926,5.063,4.756,41.15168113882343
3,3,8.687,5.084,4.798,12.629,5.08,4.755,41.03537478173772
3,3,8.9,5.155,4.861,14.164,6.232,4.759,44.06377812847495
3,3,9.074,5.129,4.823,12.815,5.106,4.738,41.688061474512025
3,3,8.917,5.112,4.845,13.847,5.1,4.986,42.817216366529465
3,3,9.217,5.132,5.397,13.749,5.152,4.781,43.428051440666124
3,3,9.042,5.139,6.048,14.21,5.457,5.165,45.060791851331786
3,3,8.437,5.025,4.943,12.479,5.047,4.768,40.698167091856405
3,3,8.571,5.049,4.856,12.796,5.139,4.79,41.20292405908306
3,3,8.688,5.104,4.855,12.756,5.095,4.772,41.27153800800443
3,3,8.799,5.178,4.835,19.196,5.138,8.32,51.472286538531385
3,3,14.926,8.918,8.327,21.855,8.966,8.448,71.44302579884729
3,3,16.619,8.882,8.866,23.151,9.162,8.502,75.16989686215916
3,3,12.138,6.092,4.966,15.121,6.039,5.065,49.42292099197706
3,3,9.554,5.16,4.839,14.886,5.655,5.18,45.15966198717555
3,3,14.091,8.744,8.274,20.879,8.644,8.182,68.83144114787379
3,3,14.315,8.812,8.275,21.184,8.707,8.252,69.53952740877867
3,3,14.189,8.887,7.395,12.582,5.073,4.771,52.91033489629626
3,3,8.862,5.143,4.821,12.628,5.112,4.858,41.43557945887248
3,3,8.775,5.13,4.995,13.105,5.132,4.817,41.96059967701634
3,3,8.885,5.125,5.1,12.974,5.144,4.939,42.17401767770449
3,3,9.446,5.161,4.819,12.97,5.144,4.765,42.312826340397194
3,3,9.236,5.157,5.024,14.379,5.164,4.762,43.72982603187363
3,3,8.437,4.993,4.764,12.388,5.026,4.759,40.37245409563184
3,3,8.505,5.058,4.898,12.527,5.065,4.777,40.83411659424504
3,3,8.612,5.074,4.816,12.608,5.057,4.72,40.889609449853495
3,3,9.527,5.163,4.814,12.635,5.15,4.769,42.04446325699489
3,3,8.752,5.064,4.766,12.754,5.122,4.77,41.23725462704897
3,3,10.392,5.123,4.816,13.932,5.103,5.652,45.02555821090937
3,3,9.08,5.16,4.819,13.125,5.159,5.334,42.680620681494474
3,3,9.625,5.144,4.955,13.254,5.164,4.822,42.965953859190144
3,3,8.459,5.048,6.039,12.401,5.043,4.774,41.76298420255383
3,3,8.517,5.048,4.809,12.544,5.061,4.785,40.77883608018358
3,3,8.61,5.085,5.02,12.554,5.111,4.773,41.15154237175981
3,3,8.707,5.081,4.775,12.719,5.06,4.723,41.071084793657064
3,3,10.148,5.106,4.79,13.417,5.057,5.131,43.65081464250882
3,3,8.957,5.104,4.826,13.022,5.128,4.827,41.86663838724296
3,3,12.806,5.267,8.331,15.934,7.387,4.794,54.483860110243164
3,3,9.19,5.153,4.832,13.89,5.177,4.905,43.14892739057541
3,3,8.439,5.024,4.806,12.36,5.034,4.8,40.46592162922025
3,3,8.582,5.073,4.816,12.708,5.063,4.734,40.98154278472066
3,3,8.818,5.044,4.804,12.612,5.074,4.768,41.125219470510885
3,3,8.711,5.13,4.815,12.731,5.077,4.77,41.23709894095858
3,3,9.089,5.108,4.808,12.895,5.104,5.029,42.03373535225789
3,3,8.995,5.143,4.808,13.005,5.153,5.287,42.39341942593455
3,3,10.784,5.111,6.386,18.149,10.279,4.758,55.47132762148976
3,3,9.073,5.148,4.823,13.242,5.144,4.734,42.16679899642865
3,3,8.95,5.056,4.803,12.689,5.089,4.775,41.36709527422985
3,3,8.729,5.099,4.804,12.853,5.095,5.266,41.85945183659594
3,3,8.932,5.084,4.791,12.813,5.126,4.761,41.51320441936453
3,3,9.002,5.33,4.829,13.258,5.136,5.07,42.6280313792328
3,3,9.524,5.155,4.986,17.08,6.358,4.806,47.92482669775684
3,3,9.243,5.147,5.572,14.221,5.205,5.064,44.44518173113465
3,3,9.386,5.169,4.784,13.354,5.208,4.802,42.70969331264496
3,3,10.215,5.219,5.238,14.422,5.244,4.814,45.15696285913388
3,3,8.665,5.034,4.787,12.416,5.05,4.764,40.71504669263959
3,3,8.612,5.05,4.84,12.631,5.099,4.868,41.10160221656163
3,3,8.615,5.019,4.798,12.529,5.109,4.78,40.855459558467075
3,3,8.702,5.193,4.917,12.897,5.136,5.165,42.009847393880285
3,3,9.43,5.106,4.823,12.857,5.11,4.77,42.09498347093662
3,3,9.119,5.127,5.173,14.195,5.154,4.927,43.685505632311106
3,3,9.079,5.132,4.843,13.157,5.177,4.823,42.2119825767974
3,3,9.406,5.184,5.16,13.488,5.318,5.132,43.69301240270336
3,3,14.249,8.82,8.219,17.896,8.817,5.402,63.392569310963154
3,3,8.901,5.049,4.837,12.704,5.074,5.057,41.637486312538385
3,3,9.488,5.067,4.841,13.644,5.092,4.949,43.08150817329685
3,3,8.782,5.073,4.889,12.902,5.1,5.267,42.002343727896616
3,3,9.53,5.166,4.923,12.795,5.121,4.772,42.318404186517
3,3,9.276,5.087,4.787,13.236,5.118,4.98,42.48629634579022
3,3,9.745,5.43,4.834,13.111,5.406,4.868,43.40028017759323
3,3,9.111,5.149,4.828,13.079,5.219,4.805,42.1900552076598
3,3,9.221,5.166,5.452,14.853,5.223,5.167,45.075007869551584
3,3,9.418,5.217,4.792,13.334,5.225,4.797,42.78734869634111
3,3,9.379,5.219,4.832,14.223,5.741,4.816,44.22257126619419
3,3,9.531,5.18,4.831,13.595,5.232,4.773,43.14603082214793
3,3,9.827,5.257,4.82,13.659,5.213,4.803,43.58580196276307
3,3,9.675,5.289,4.817,13.708,5.236,4.78,43.5080393217504
3,3,9.694,5.276,4.896,13.804,5.314,4.784,43.773808827002846
3,3,9.756,5.294,4.83,13.921,5.283,4.763,43.85221873720487
3,3,10.164,5.194,4.924,15.288,5.213,5.047,45.82837612057725
3,3,9.821,5.174,4.793,17.277,6.659,5.839,49.57435668135683
3,3,10.325,5.205,5.238,13.817,5.318,4.803,44.713474344462156
3,3,9.517,5.236,4.863,13.926,5.252,4.81,43.60963000605504
3,3,9.492,5.258,4.946,13.744,5.257,5.085,43.79049750665824
3,3,9.572,5.22,4.808,13.679,5.333,4.849,43.46936475485563
3,3,9.801,5.292,4.839,13.831,5.338,4.815,43.91974164173007
3,3,9.719,5.271,4.796,14.115,5.394,4.771,44.06083840876818
3,3,9.196,5.135,5.081,13.555,5.142,4.959,43.06297143921256
3,3,9.333,5.131,4.928,13.317,5.17,4.799,42.66576189547777
3,3,9.959,5.213,5.753,14.328,5.305,5.0,45.55412568151951
3,3,10.128,5.231,4.794,13.524,5.225,4.764,43.67151965076725
3,3,9.477,5.216,4.789,13.573,5.251,4.777,43.08793429906169
3,3,9.601,5.233,4.809,13.68,5.26,4.848,43.43522960940997
3,3,9.853,5.249,5.993,13.711,5.309,4.762,44.87855344389876
3,3,9.746,5.263,4.822,13.861,5.276,4.743,43.71625650674105
3,3,9.54,5.174,5.116,13.406,5.201,4.905,43.34672369683782
3,3,10.573,5.231,4.797,14.071,5.407,4.81,44.89620433499415
3,3,9.774,5.402,5.374,14.303,5.248,4.829,44.93225831538439
3,3,9.493,5.231,4.777,13.378,5.199,4.75,42.81165140370528
3,3,9.443,5.227,4.801,13.532,5.249,4.763,43.00185789664586
3,3,9.548,5.259,4.797,13.656,5.265,4.817,43.347981137533985
3,3,9.687,5.248,4.824,13.797,5.283,4.756,43.59905250991384
3,3,9.679,5.284,4.805,13.854,5.289,4.901,43.81624609231949
3,3,10.654,5.207,4.878,15.188,5.245,5.112,46.30299905935924
3,3,10.411,5.218,4.815,13.332,5.214,4.815,43.8101099183162
3,3,9.378,5.246,4.863,13.816,5.29,4.913,43.512138848503426
3,3,9.85,5.303,5.016,13.542,5.321,4.842,43.874560544888176
3,3,9.522,5.243,4.873,14.395,5.447,4.762,44.24888547509909
3,3,10.381,5.477,4.854,14.051,5.442,5.122,45.33315232644478
3,3,10.019,5.321,4.906,14.455,5.288,4.785,44.78031458954016
3,3,9.844,5.343,4.847,14.624,5.363,5.194,45.21943085516492
3,3,9.312,5.157,5.29,13.399,5.18,4.868,43.21103263646364
3,3,10.087,5.151,4.942,13.3,5.171,4.783,43.436178006231785
3,3,9.408,5.211,5.205,13.775,5.31,4.736,43.64149644970894
3,3,9.921,5.204,4.789,13.448,5.227,4.79,43.378287460654974
3,3,9.429,5.246,4.808,13.693,5.318,4.761,43.25890975693862
3,3,9.569,5.281,4.842,14.485,5.258,4.844,44.26006926223636
3,3,9.797,5.262,5.223,13.797,5.323,4.738,44.13726863761743
3,3,9.73,5.297,4.809,13.938,5.407,4.774,43.957366452862814
3,3,9.236,5.204,5.261,13.433,5.182,4.941,43.262542846302196
3,3,9.25,5.171,4.793,13.251,5.216,4.773,42.460099173088864
3,3,9.359,5.199,4.977,14.417,5.203,4.774,43.944943230599165
3,3,9.538,5.337,4.771,13.474,5.221,4.754,43.10055853178104
3,3,9.503,5.206,4.785,13.711,5.247,4.732,43.20031575237711
3,3,10.132,5.296,4.846,13.645,5.277,4.777,43.98242585981886
3,3,9.755,5.294,4.81,13.735,5.279,4.75,43.63010528807839
3,3,9.839,5.26,4.772,13.872,5.247,4.738,43.73382994284233
3,3,9.296,5.155,5.349,14.251,5.168,6.311,45.53516969705621
3,3,9.274,5.167,4.812,13.282,5.209,4.742,42.49072230110566
3,3,9.285,5.232,5.26,15.894,6.148,5.572,47.489291833092764
3,3,12.021,6.289,5.704,16.282,6.239,5.63,52.18686209991574
3,3,11.839,6.035,5.709,14.223,5.248,4.729,47.783304626743
3,3,9.451,5.263,4.989,13.705,5.25,4.747,43.41047924632827
3,3,9.639,5.273,4.819,13.685,5.335,4.754,43.507688368360206
3,3,9.721,5.235,4.902,13.844,5.272,4.745,43.7193987891078
3,3,9.161,5.157,4.99,14.166,5.149,4.933,43.559315614402294
3,3,9.681,5.156,5.22,22.277,8.971,8.154,59.46129948521654
3,3,16.387,9.327,8.277,17.474,5.703,4.846,62.01208041359982
3,3,9.435,5.217,4.786,13.397,5.178,4.758,42.757875130822256
3,3,12.947,6.097,8.198,23.463,9.135,8.105,67.95497161025803
3,3,13.312,6.994,5.094,14.138,5.481,4.84,49.869498548408345
3,3,9.879,5.462,6.209,13.636,5.248,4.652,45.090239495038986
3,3,9.027,4.69,4.083,11.415,4.334,3.951,37.507844623178244
3,3,9.785,5.175,5.105,13.574,5.193,4.81,43.634699657559395
3,3,9.26,5.187,4.789,13.356,5.207,4.763,42.564804976185165
3,3,9.455,5.188,6.666,19.255,10.335,4.903,55.80583633854985
3,3,9.43,5.214,4.851,13.476,5.221,4.752,42.94590450202425
3,3,9.454,5.236,4.893,13.531,5.243,5.534,43.8992891771098
3,3,10.253,5.274,4.793,14.507,5.205,4.717,44.750514129797615
3,3,9.595,5.231,4.742,13.768,5.354,4.732,43.426422867923975
3,3,9.684,5.276,5.181,13.89,5.294,4.755,44.08436315134168
3,3,10.156,5.272,5.643,14.205,5.253,4.824,45.3532449901104
3,3,9.45,5.25,4.936,13.666,5.285,4.877,43.470975632468864
3,3,9.644,5.299,4.847,14.392,5.283,4.764,44.23790735503037
3,3,9.562,5.209,4.82,13.465,5.21,4.812,43.08010622238119
3,3,9.434,5.213,4.844,13.673,5.238,4.924,43.32818711797397
3,3,9.656,5.262,4.79,14.129,5.26,4.791,43.903083695719644
3,3,9.86,5.298,4.806,13.807,5.326,4.76,43.860097570965685
3,3,9.76,5.298,4.878,13.868,5.337,4.79,43.93370170146227
3,3,9.558,5.161,5.048,13.429,5.193,4.909,43.299091358979545
3,3,9.336,5.206,4.819,13.43,5.211,5.065,43.06998926525315
3,3,10.29,5.24,4.888,14.142,5.226,4.788,44.57318984592954
3,3,9.683,5.215,4.784,13.565,5.221,4.812,43.285052447269365
3,3,9.505,5.226,4.796,13.604,5.251,4.779,43.165303921947874
3,3,9.601,5.25,4.83,13.891,5.514,4.819,43.91693028931817
3,3,10.451,5.235,4.78,13.733,5.323,4.738,44.263827304045364
3,3,9.74,5.293,4.799,15.904,5.291,4.742,45.78480450436473
3,3,9.969,5.181,5.16,13.543,5.161,4.806,43.824771884828806
3,3,9.262,5.177,4.826,13.309,5.189,4.781,42.551925095419094
3,3,9.345,5.432,4.864,13.416,5.192,4.799,43.05012399951617
3,3,9.595,5.206,4.807,13.467,5.24,4.773,43.09032189970215
3,3,9.37,5.22,4.78,13.603,5.281,5.067,43.326151867707566
3,3,9.583,5.336,4.799,14.567,5.253,4.818,44.366387339929744
3,3,9.679,5.226,4.777,13.784,5.226,4.761,43.4563939149181
3,3,9.737,5.26,4.797,13.848,5.295,4.758,43.70092833414674
3,3,9.778,5.172,5.18,14.001,5.294,4.827,44.25823300456007
3,3,9.269,5.144,4.806,13.313,5.164,4.784,42.486353777348995
3,3,10.509,5.205,4.863,18.16,9.865,4.851,53.448912532379225
3,3,9.476,5.271,4.869,13.585,5.258,4.765,43.23215689510107
3,3,9.583,5.273,4.853,13.593,5.368,4.767,43.44292404130101
3,3,9.633,5.277,4.805,14.258,5.353,4.783,44.10556533063452
3,3,9.756,5.235,4.792,13.771,5.313,4.751,43.623464802900955
3,3,9.821,5.263,4.839,13.539,5.33,4.43,43.22508738065759
3,3,9.984,5.206,6.78,20.075,8.914,5.275,56.23251510163148
3,3,9.298,5.241,4.838,13.398,5.199,4.91,42.88594859341781
3,3,12.902,7.079,4.793,13.474,5.179,4.727,48.15825416396061
3,3,9.532,5.228,4.822,13.466,5.254,4.811,43.103397668649755
3,3,9.548,5.295,4.963,14.45,5.274,4.774,44.30660419166088
3,3,9.656,5.238,4.868,13.753,5.262,4.761,43.53890148922801
3,3,9.713,5.281,4.856,14.35,5.309,4.87,44.38498103991151
3,3,9.705,5.271,4.83,13.04,4.939,4.356,42.14073996990919
3,3,9.281,5.181,4.892,13.912,5.72,4.777,43.76669228076935
3,3,9.189,5.218,4.847,14.726,5.223,4.82,44.026456152399376
3,3,9.692,5.731,5.159,13.62,5.217,4.783,44.19668996706605
3,3,9.6,5.215,4.826,13.409,5.19,4.754,42.997164496531084
3,3,9.519,5.218,4.949,13.622,5.236,4.972,43.52067178115249
3,3,9.601,5.261,4.803,14.221,5.302,4.762,43.952725982914366
3,3,9.726,5.252,4.801,13.878,5.244,4.757,43.66674677779277
3,3,9.76,5.263,4.828,13.519,5.298,4.402,43.073743426551424
3,3,10.452,5.2,5.117,13.865,5.428,4.789,44.85400067642331
3,3,9.443,5.355,4.857,13.383,5.224,5.993,44.26084940011303
3,3,10.642,5.174,4.809,15.257,5.206,4.893,45.97317473962903
3,3,9.568,5.214,4.747,13.358,5.222,4.735,42.85102306554715
3,3,9.438,5.219,4.839,13.547,5.274,4.804,43.12776712079843
3,3,9.573,5.238,4.873,13.718,5.25,4.765,43.42270502820611
3,3,9.664,5.286,4.813,13.714,5.327,4.767,43.5754912905395
3,3,9.719,5.267,4.862,13.859,5.302,4.796,43.815127884348236
3,3,9.739,5.176,4.949,13.293,5.175,4.768,43.10814198106527
3,3,9.243,5.242,4.819,15.615,5.182,4.931,45.035861277331904
3,3,9.486,5.428,4.791,13.5,5.221,4.779,43.21133981769284
3,3,9.447,5.197,4.792,13.429,5.209,4.785,42.86404559388757
3,3,9.472,5.238,4.874,13.625,5.263,4.743,43.22162022193273
3,3,10.243,5.262,5.071,16.633,6.291,5.531,49.06614124774933
3,3,11.107,6.411,5.836,16.005,6.246,5.593,51.28049415846665
3,3,9.697,5.285,4.805,12.975,5.143,4.286,42.193197179585695
3,3,9.434,5.461,4.942,13.278,5.223,4.801,43.147445345918335
3,3,9.647,5.264,4.921,13.546,5.331,4.844,43.55905375753839
3,3,12.865,5.275,5.321,13.745,5.33,4.857,47.39569701875249
3,3,9.681,5.302,4.855,13.628,5.322,4.844,43.6359653249383
3,3,10.323,5.296,4.811,13.74,5.342,4.824,44.342850490162775
3,3,9.842,5.324,4.871,14.007,5.363,4.846,44.257225158313915
3,3,9.892,5.356,4.857,14.106,5.453,4.832,44.506530898312725
3,3,9.944,5.358,4.939,13.595,5.428,4.475,43.73884185527761
3,3,10.327,5.209,11.179,19.859,10.309,8.29,65.17318744833271
3,3,16.167,9.514,8.235,15.555,5.443,4.766,59.67673674846689
3,3,9.236,5.164,4.868,13.351,5.182,4.748,42.55930054932833
3,3,9.901,5.223,7.222,23.395,9.063,8.261,63.063121400773525
3,3,14.553,9.118,4.793,13.55,5.217,4.728,51.97285705556472
3,3,9.642,5.262,4.804,13.528,5.278,4.574,43.0935292194287
3,3,8.629,4.776,4.091,11.364,4.505,3.937,37.30439317102234
3,3,8.016,4.357,4.06,11.543,4.309,3.905,36.19588057820995
3,3,10.076,5.136,4.82,13.556,5.164,4.802,43.56096607322494
3,3,9.422,5.217,4.867,14.078,5.287,4.996,43.93798531964421
3,3,9.637,5.241,4.934,13.826,5.289,4.865,43.79657997439305
3,3,9.631,5.266,4.838,13.852,5.284,4.786,43.66394008199374
3,3,9.689,5.293,4.794,13.561,5.239,4.731,43.30192832276225
3,3,9.765,5.276,4.813,13.775,5.257,4.78,43.670605712880686
3,3,9.766,5.251,4.938,13.843,5.28,4.761,43.8309592815737
3,3,9.963,5.274,4.841,12.667,4.899,4.167,41.83711980779965
3,3,9.413,5.193,4.884,13.319,5.185,4.799,42.79689397662878
3,3,9.26,5.188,4.788,16.031,5.234,4.885,45.39245429138342
3,3,9.553,5.202,4.927,13.415,5.207,4.745,43.04954347511132
3,3,9.46,5.206,4.803,13.498,5.22,4.832,43.02344688524802
3,3,9.454,5.21,4.918,13.608,5.231,4.763,43.191532138735056
3,3,9.723,5.29,4.824,13.736,5.279,4.764,43.61948914205034
3,3,9.763,5.261,4.814,13.837,5.338,4.748,43.76927514870962
3,3,9.902,5.363,4.809,13.153,5.264,4.324,42.81973357622822
3,3,9.391,5.191,4.841,13.308,5.198,4.786,42.71800195177396
3,3,9.28,5.172,4.784,13.97,5.585,4.785,43.582747069497906
3,3,9.457,5.183,4.918,13.283,5.173,4.738,42.7651198891302
3,3,9.405,5.232,4.784,13.527,5.226,4.773,42.951874124507114
3,3,9.501,5.249,4.804,13.647,5.298,4.751,43.255913381775215
3,3,9.664,5.294,4.783,13.713,5.268,4.733,43.460799381136894
3,3,9.744,5.28,4.819,14.024,5.353,4.822,44.04804017394781
3,3,10.625,5.325,4.905,13.127,5.186,4.279,43.44703753789266
3,3,9.402,5.179,4.788,13.819,5.18,5.201,43.570591447254024
3,3,9.534,5.262,4.85,13.413,5.17,4.79,43.02772382895152
3,3,9.341,5.204,4.794,13.462,5.269,4.761,42.83554169038932
3,3,9.434,5.249,4.773,13.713,5.223,4.738,43.13273386408885
3,3,9.467,5.256,5.009,13.771,5.33,4.792,43.62676525488496
3,3,9.6,5.247,4.814,13.81,5.349,4.793,43.61708524326484
3,3,9.659,5.342,5.191,13.956,6.204,4.749,45.108751549075045
3,3,8.896,4.742,4.375,11.563,4.363,4.086,38.02836236233513
3,3,9.572,5.182,5.073,14.063,5.294,5.206,44.3933024071157
3,3,9.296,5.117,4.763,14.962,5.171,4.768,44.07785491396983
3,3,9.361,5.185,4.832,13.407,5.208,4.742,42.74094135810931
3,3,9.548,5.194,4.811,13.487,5.21,4.759,43.01260132342577
3,3,10.054,5.225,4.848,13.669,5.267,4.786,43.85226825252175
3,3,9.594,5.227,4.811,13.758,5.276,4.748,43.41878043487668
3,3,9.692,5.393,4.811,12.178,4.903,4.294,41.27641472344597
3,3,8.298,4.497,3.979,11.642,4.368,3.937,36.72663277635972
3,3,13.845,5.158,4.771,13.597,5.175,4.774,47.30776961271962
3,3,9.107,5.164,4.79,13.15,5.193,4.724,42.13072437172135
3,3,9.356,5.235,5.12,14.009,5.312,4.752,43.78923634067178
3,3,10.168,5.204,4.854,13.468,5.28,4.729,43.70762128382921
3,3,9.446,5.222,4.956,13.56,5.254,4.776,43.21839613839984
3,3,9.536,5.247,4.818,13.41,5.334,4.772,43.11897621179621
3,3,8.73,4.749,4.2,11.744,4.457,3.986,37.871957601358496
3,3,8.144,4.473,4.0,11.404,4.467,3.941,36.43423629303773
3,3,10.399,5.273,4.813,13.266,5.266,4.836,43.858103919774294
3,3,9.289,5.237,4.83,13.343,5.246,4.792,42.733864548305675
3,3,10.082,5.231,4.931,13.705,5.244,4.814,44.01154086614649
3,3,9.969,5.519,4.875,13.586,5.289,4.789,44.030065493037306
3,3,9.83,5.276,4.848,13.622,5.305,4.784,43.67347309986751
3,3,10.717,5.719,5.059,12.403,4.901,4.239,43.031591922044754
3,3,8.357,4.497,4.018,11.631,4.42,4.099,37.03121328726411
3,3,8.15,4.349,3.94,11.333,4.301,3.924,36.00481587151687
3,3,9.378,5.145,5.117,13.746,5.22,4.866,43.464843959858015
3,3,10.067,5.218,4.832,13.771,5.239,4.795,43.92244294285774
3,3,10.57,5.257,4.867,13.785,5.28,4.776,44.52381655573845
3,3,10.08,5.299,4.857,13.878,5.284,4.807,44.204329916586474
3,3,9.819,5.303,4.833,14.013,5.278,4.791,44.04041636735201
3,3,9.881,5.312,4.663,12.98,4.858,4.124,41.81990120559931
3,3,8.37,4.425,4.009,11.881,4.508,3.993,37.192336438844606
3,3,8.378,4.356,3.956,11.785,4.289,3.923,36.69251408427954
3,3,9.294,5.171,5.247,13.279,5.222,4.758,42.973425394544996
3,3,9.219,5.158,4.785,13.297,5.183,4.788,42.41972183808684
3,3,9.307,5.194,4.788,13.289,5.193,4.741,42.51843007902304
3,3,9.467,5.234,4.786,13.434,5.251,4.737,42.914862744510174
3,3,9.509,5.257,4.813,13.577,5.219,4.779,43.1576962582767
3,3,9.562,5.269,4.807,13.14,5.264,4.407,42.4520632562538
3,3,8.38,4.772,3.968,11.385,4.469,4.069,37.049912226696804
3,3,8.12,4.354,4.007,11.538,4.357,3.976,36.35830168301861
